FECHA_CORTE;NOM_RPT;COD_PAIS;PAIS;COD_ESTADO_DEPTO;ESTADO_DEPTO;COD_CIUDAD_MUNI;CIUDAD_MUNICIPIO;VIGENCIA;PARAM_HECHO;HECHO;SEXO;ETNIA;DISCAPACIDAD;CICLO_VITAL;PER_OCU;PER_DECLA;EVENTOS
31/12/2024 00:00;REPORTE VICTIMAS ANUALIZADO POR HECHO, CIFRA MUNICIPAL « VICHADA-CUMARIBO » (SEXO, ETNIA, DISCAPACIDAD, CICLO_VITAL) personas: (Ocurrencia, Declaración y Eventos);48;COLOMBIA;99;Vichada;99773;Cumaribo;2024;2;Amenaza;Hombre;Indigena;Ninguna;entre 0 y 5;3;3;3
31/12/2024 00:00;REPORTE VICTIMAS ANUALIZADO POR HECHO, CIFRA MUNICIPAL « VICHADA-CUMARIBO » (SEXO, ETNIA, DISCAPACIDAD, CICLO_VITAL) personas: (Ocurrencia, Declaración y Eventos);48;COLOMBIA;99;Vichada;99773;Cumaribo;2024;2;Amenaza;Hombre;Indigena;Ninguna;entre 6 y 11;1;0;1
31/12/2024 00:00;REPORTE VICTIMAS ANUALIZADO POR HECHO, CIFRA MUNICIPAL « VICHADA-CUMARIBO » (SEXO, ETNIA, DISCAPACIDAD, CICLO_VITAL) personas: (Ocurrencia, Declaración y Eventos);48;COLOMBIA;99;Vichada;99773;Cumaribo;2024;2;Amenaza;Hombre;Indigena;Ninguna;entre 12 y 17;0;0;0
31/12/2024 00:00;REPORTE VICTIMAS ANUALIZADO POR HECHO, CIFRA MUNICIPAL « VICHADA-CUMARIBO » (SEXO, ETNIA, DISCAPACIDAD, CICLO_VITAL) personas: (Ocurrencia, Declaración y Eventos);48;COLOMBIA;99;Vichada;99773;Cumaribo;2024;2;Amenaza;Hombre;Indigena;Ninguna;entre 18 y 28;0;0;0
31/12/2024 00:00;REPORTE VICTIMAS ANUALIZADO POR HECHO, CIFRA MUNICIPAL « VICHADA-CUMARIBO » (SEXO, ETNIA, DISCAPACIDAD, CICLO_VITAL) personas: (Ocurrencia, Declaración y Eventos);48;COLOMBIA;99;Vichada;99773;Cumaribo;2024;2;Amenaza;Hombre;Indigena;Ninguna;entre 29 y 59;2;1;2
31/12/2024 00:00;REPORTE VICTIMAS ANUALIZADO POR HECHO, CIFRA MUNICIPAL « VICHADA-CUMARIBO » (SEXO, ETNIA, DISCAPACIDAD, CICLO_VITAL) personas: (Ocurrencia, Declaración y Eventos);48;COLOMBIA;99;Vichada;99773;Cumaribo;2024;2;Amenaza;Hombre;Indigena (Acreditado RA);Ninguna;entre 12 y 17;1;0;1
31/12/2024 00:00;REPORTE VICTIMAS ANUALIZADO POR HECHO, CIFRA MUNICIPAL « VICHADA-CUMARIBO » (SEXO, ETNIA, DISCAPACIDAD, CICLO_VITAL) personas: (Ocurrencia, Declaración y Eventos);48;COLOMBIA;99;Vichada;99773;Cumaribo;2024;2;Amenaza;Hombre;Ninguna;Ninguna;entre 0 y 5;2;0;2
31/12/2024 00:00;REPORTE VICTIMAS ANUALIZADO POR HECHO, CIFRA MUNICIPAL « VICHADA-CUMARIBO » (SEXO, ETNIA, DISCAPACIDAD, CICLO_VITAL) personas: (Ocurrencia, Declaración y Eventos);48;COLOMBIA;99;Vichada;99773;Cumaribo;2024;2;Amenaza;Hombre;Ninguna;Ninguna;entre 6 y 11;1;0;1
31/12/2024 00:00;REPORTE VICTIMAS ANUALIZADO POR HECHO, CIFRA MUNICIPAL « VICHADA-CUMARIBO » (SEXO, ETNIA, DISCAPACIDAD, CICLO_VITAL) personas: (Ocurrencia, Declaración y Eventos);48;COLOMBIA;99;Vichada;99773;Cumaribo;2024;2;Amenaza;Hombre;Ninguna;Ninguna;entre 12 y 17;2;0;2
31/12/2024 00:00;REPORTE VICTIMAS ANUALIZADO POR HECHO, CIFRA MUNICIPAL « VICHADA-CUMARIBO » (SEXO, ETNIA, DISCAPACIDAD, CICLO_VITAL) personas: (Ocurrencia, Declaración y Eventos);48;COLOMBIA;99;Vichada;99773;Cumaribo;2024;2;Amenaza;Hombre;Ninguna;Ninguna;entre 18 y 28;1;0;1
31/12/2024 00:00;REPORTE VICTIMAS ANUALIZADO POR HECHO, CIFRA MUNICIPAL « VICHADA-CUMARIBO » (SEXO, ETNIA, DISCAPACIDAD, CICLO_VITAL) personas: (Ocurrencia, Declaración y Eventos);48;COLOMBIA;99;Vichada;99773;Cumaribo;2024;2;Amenaza;Hombre;Ninguna;Ninguna;entre 29 y 59;4;0;4
31/12/2024 00:00;REPORTE VICTIMAS ANUALIZADO POR HECHO, CIFRA MUNICIPAL « VICHADA-CUMARIBO » (SEXO, ETNIA, DISCAPACIDAD, CICLO_VITAL) personas: (Ocurrencia, Declaración y Eventos);48;COLOMBIA;99;Vichada;99773;Cumaribo;2024;2;Amenaza;LGBTI;Ninguna;Ninguna;entre 29 y 59;0;1;0
31/12/2024 00:00;REPORTE VICTIMAS ANUALIZADO POR HECHO, CIFRA MUNICIPAL « VICHADA-CUMARIBO » (SEXO, ETNIA, DISCAPACIDAD, CICLO_VITAL) personas: (Ocurrencia, Declaración y Eventos);48;COLOMBIA;99;Vichada;99773;Cumaribo;2024;2;Amenaza;Mujer;Indigena;Ninguna;entre 0 y 5;5;0;5
31/12/2024 00:00;REPORTE VICTIMAS ANUALIZADO POR HECHO, CIFRA MUNICIPAL « VICHADA-CUMARIBO » (SEXO, ETNIA, DISCAPACIDAD, CICLO_VITAL) personas: (Ocurrencia, Declaración y Eventos);48;COLOMBIA;99;Vichada;99773;Cumaribo;2024;2;Amenaza;Mujer;Indigena;Ninguna;entre 6 y 11;3;0;3
31/12/2024 00:00;REPORTE VICTIMAS ANUALIZADO POR HECHO, CIFRA MUNICIPAL « VICHADA-CUMARIBO » (SEXO, ETNIA, DISCAPACIDAD, CICLO_VITAL) personas: (Ocurrencia, Declaración y Eventos);48;COLOMBIA;99;Vichada;99773;Cumaribo;2024;2;Amenaza;Mujer;Indigena;Ninguna;entre 12 y 17;1;0;1
31/12/2024 00:00;REPORTE VICTIMAS ANUALIZADO POR HECHO, CIFRA MUNICIPAL « VICHADA-CUMARIBO » (SEXO, ETNIA, DISCAPACIDAD, CICLO_VITAL) personas: (Ocurrencia, Declaración y Eventos);48;COLOMBIA;99;Vichada;99773;Cumaribo;2024;2;Amenaza;Mujer;Indigena;Ninguna;entre 18 y 28;3;1;3
31/12/2024 00:00;REPORTE VICTIMAS ANUALIZADO POR HECHO, CIFRA MUNICIPAL « VICHADA-CUMARIBO » (SEXO, ETNIA, DISCAPACIDAD, CICLO_VITAL) personas: (Ocurrencia, Declaración y Eventos);48;COLOMBIA;99;Vichada;99773;Cumaribo;2024;2;Amenaza;Mujer;Indigena;Ninguna;entre 29 y 59;3;0;3
31/12/2024 00:00;REPORTE VICTIMAS ANUALIZADO POR HECHO, CIFRA MUNICIPAL « VICHADA-CUMARIBO » (SEXO, ETNIA, DISCAPACIDAD, CICLO_VITAL) personas: (Ocurrencia, Declaración y Eventos);48;COLOMBIA;99;Vichada;99773;Cumaribo;2024;2;Amenaza;Mujer;Ninguna;Ninguna;entre 6 y 11;1;0;1
31/12/2024 00:00;REPORTE VICTIMAS ANUALIZADO POR HECHO, CIFRA MUNICIPAL « VICHADA-CUMARIBO » (SEXO, ETNIA, DISCAPACIDAD, CICLO_VITAL) personas: (Ocurrencia, Declaración y Eventos);48;COLOMBIA;99;Vichada;99773;Cumaribo;2024;2;Amenaza;Mujer;Ninguna;Ninguna;entre 12 y 17;1;0;1
31/12/2024 00:00;REPORTE VICTIMAS ANUALIZADO POR HECHO, CIFRA MUNICIPAL « VICHADA-CUMARIBO » (SEXO, ETNIA, DISCAPACIDAD, CICLO_VITAL) personas: (Ocurrencia, Declaración y Eventos);48;COLOMBIA;99;Vichada;99773;Cumaribo;2024;2;Amenaza;Mujer;Ninguna;Ninguna;entre 29 y 59;2;0;2
31/12/2024 00:00;REPORTE VICTIMAS ANUALIZADO POR HECHO, CIFRA MUNICIPAL « VICHADA-CUMARIBO » (SEXO, ETNIA, DISCAPACIDAD, CICLO_VITAL) personas: (Ocurrencia, Declaración y Eventos);48;COLOMBIA;99;Vichada;99773;Cumaribo;2024;2;Amenaza;Mujer;Ninguna;Ninguna;entre 60 y 110;0;1;0
31/12/2024 00:00;REPORTE VICTIMAS ANUALIZADO POR HECHO, CIFRA MUNICIPAL « VICHADA-CUMARIBO » (SEXO, ETNIA, DISCAPACIDAD, CICLO_VITAL) personas: (Ocurrencia, Declaración y Eventos);48;COLOMBIA;99;Vichada;99773;Cumaribo;2024;3;Delitos contra la libertad y la integridad sexual en desarrollo del conflicto armado;Mujer;Indigena;Ninguna;entre 18 y 28;1;0;1
31/12/2024 00:00;REPORTE VICTIMAS ANUALIZADO POR HECHO, CIFRA MUNICIPAL « VICHADA-CUMARIBO » (SEXO, ETNIA, DISCAPACIDAD, CICLO_VITAL) personas: (Ocurrencia, Declaración y Eventos);48;COLOMBIA;99;Vichada;99773;Cumaribo;2024;5;Desplazamiento forzado;Hombre;Indigena;Ninguna;entre 6 y 11;2;0;2
31/12/2024 00:00;REPORTE VICTIMAS ANUALIZADO POR HECHO, CIFRA MUNICIPAL « VICHADA-CUMARIBO » (SEXO, ETNIA, DISCAPACIDAD, CICLO_VITAL) personas: (Ocurrencia, Declaración y Eventos);48;COLOMBIA;99;Vichada;99773;Cumaribo;2024;5;Desplazamiento forzado;Hombre;Indigena;Ninguna;entre 12 y 17;2;0;2
31/12/2024 00:00;REPORTE VICTIMAS ANUALIZADO POR HECHO, CIFRA MUNICIPAL « VICHADA-CUMARIBO » (SEXO, ETNIA, DISCAPACIDAD, CICLO_VITAL) personas: (Ocurrencia, Declaración y Eventos);48;COLOMBIA;99;Vichada;99773;Cumaribo;2024;5;Desplazamiento forzado;Hombre;Indigena;Ninguna;entre 18 y 28;2;0;2
31/12/2024 00:00;REPORTE VICTIMAS ANUALIZADO POR HECHO, CIFRA MUNICIPAL « VICHADA-CUMARIBO » (SEXO, ETNIA, DISCAPACIDAD, CICLO_VITAL) personas: (Ocurrencia, Declaración y Eventos);48;COLOMBIA;99;Vichada;99773;Cumaribo;2024;5;Desplazamiento forzado;Hombre;Indigena;Ninguna;entre 29 y 59;2;0;2
31/12/2024 00:00;REPORTE VICTIMAS ANUALIZADO POR HECHO, CIFRA MUNICIPAL « VICHADA-CUMARIBO » (SEXO, ETNIA, DISCAPACIDAD, CICLO_VITAL) personas: (Ocurrencia, Declaración y Eventos);48;COLOMBIA;99;Vichada;99773;Cumaribo;2024;5;Desplazamiento forzado;Hombre;Indigena (Acreditado RA);Ninguna;entre 12 y 17;1;0;1
31/12/2024 00:00;REPORTE VICTIMAS ANUALIZADO POR HECHO, CIFRA MUNICIPAL « VICHADA-CUMARIBO » (SEXO, ETNIA, DISCAPACIDAD, CICLO_VITAL) personas: (Ocurrencia, Declaración y Eventos);48;COLOMBIA;99;Vichada;99773;Cumaribo;2024;5;Desplazamiento forzado;Hombre;Indigena (Acreditado RA);Ninguna;entre 29 y 59;1;0;1
31/12/2024 00:00;REPORTE VICTIMAS ANUALIZADO POR HECHO, CIFRA MUNICIPAL « VICHADA-CUMARIBO » (SEXO, ETNIA, DISCAPACIDAD, CICLO_VITAL) personas: (Ocurrencia, Declaración y Eventos);48;COLOMBIA;99;Vichada;99773;Cumaribo;2024;5;Desplazamiento forzado;Hombre;Ninguna;Fisica;entre 29 y 59;1;0;1
31/12/2024 00:00;REPORTE VICTIMAS ANUALIZADO POR HECHO, CIFRA MUNICIPAL « VICHADA-CUMARIBO » (SEXO, ETNIA, DISCAPACIDAD, CICLO_VITAL) personas: (Ocurrencia, Declaración y Eventos);48;COLOMBIA;99;Vichada;99773;Cumaribo;2024;5;Desplazamiento forzado;Hombre;Ninguna;Ninguna;entre 0 y 5;2;0;2
31/12/2024 00:00;REPORTE VICTIMAS ANUALIZADO POR HECHO, CIFRA MUNICIPAL « VICHADA-CUMARIBO » (SEXO, ETNIA, DISCAPACIDAD, CICLO_VITAL) personas: (Ocurrencia, Declaración y Eventos);48;COLOMBIA;99;Vichada;99773;Cumaribo;2024;5;Desplazamiento forzado;Hombre;Ninguna;Ninguna;entre 6 y 11;3;0;3
31/12/2024 00:00;REPORTE VICTIMAS ANUALIZADO POR HECHO, CIFRA MUNICIPAL « VICHADA-CUMARIBO » (SEXO, ETNIA, DISCAPACIDAD, CICLO_VITAL) personas: (Ocurrencia, Declaración y Eventos);48;COLOMBIA;99;Vichada;99773;Cumaribo;2024;5;Desplazamiento forzado;Hombre;Ninguna;Ninguna;entre 12 y 17;2;0;2
31/12/2024 00:00;REPORTE VICTIMAS ANUALIZADO POR HECHO, CIFRA MUNICIPAL « VICHADA-CUMARIBO » (SEXO, ETNIA, DISCAPACIDAD, CICLO_VITAL) personas: (Ocurrencia, Declaración y Eventos);48;COLOMBIA;99;Vichada;99773;Cumaribo;2024;5;Desplazamiento forzado;Hombre;Ninguna;Ninguna;entre 18 y 28;1;0;1
31/12/2024 00:00;REPORTE VICTIMAS ANUALIZADO POR HECHO, CIFRA MUNICIPAL « VICHADA-CUMARIBO » (SEXO, ETNIA, DISCAPACIDAD, CICLO_VITAL) personas: (Ocurrencia, Declaración y Eventos);48;COLOMBIA;99;Vichada;99773;Cumaribo;2024;5;Desplazamiento forzado;Hombre;Ninguna;Ninguna;entre 29 y 59;7;0;7
31/12/2024 00:00;REPORTE VICTIMAS ANUALIZADO POR HECHO, CIFRA MUNICIPAL « VICHADA-CUMARIBO » (SEXO, ETNIA, DISCAPACIDAD, CICLO_VITAL) personas: (Ocurrencia, Declaración y Eventos);48;COLOMBIA;99;Vichada;99773;Cumaribo;2024;5;Desplazamiento forzado;LGBTI;Ninguna;Ninguna;entre 29 y 59;0;1;0
31/12/2024 00:00;REPORTE VICTIMAS ANUALIZADO POR HECHO, CIFRA MUNICIPAL « VICHADA-CUMARIBO » (SEXO, ETNIA, DISCAPACIDAD, CICLO_VITAL) personas: (Ocurrencia, Declaración y Eventos);48;COLOMBIA;99;Vichada;99773;Cumaribo;2024;5;Desplazamiento forzado;Mujer;Indigena;Ninguna;entre 0 y 5;8;0;8
31/12/2024 00:00;REPORTE VICTIMAS ANUALIZADO POR HECHO, CIFRA MUNICIPAL « VICHADA-CUMARIBO » (SEXO, ETNIA, DISCAPACIDAD, CICLO_VITAL) personas: (Ocurrencia, Declaración y Eventos);48;COLOMBIA;99;Vichada;99773;Cumaribo;2024;5;Desplazamiento forzado;Mujer;Indigena;Ninguna;entre 6 y 11;4;0;4
31/12/2024 00:00;REPORTE VICTIMAS ANUALIZADO POR HECHO, CIFRA MUNICIPAL « VICHADA-CUMARIBO » (SEXO, ETNIA, DISCAPACIDAD, CICLO_VITAL) personas: (Ocurrencia, Declaración y Eventos);48;COLOMBIA;99;Vichada;99773;Cumaribo;2024;5;Desplazamiento forzado;Mujer;Indigena;Ninguna;entre 12 y 17;2;0;2
31/12/2024 00:00;REPORTE VICTIMAS ANUALIZADO POR HECHO, CIFRA MUNICIPAL « VICHADA-CUMARIBO » (SEXO, ETNIA, DISCAPACIDAD, CICLO_VITAL) personas: (Ocurrencia, Declaración y Eventos);48;COLOMBIA;99;Vichada;99773;Cumaribo;2024;5;Desplazamiento forzado;Mujer;Indigena;Ninguna;entre 18 y 28;6;0;6
31/12/2024 00:00;REPORTE VICTIMAS ANUALIZADO POR HECHO, CIFRA MUNICIPAL « VICHADA-CUMARIBO » (SEXO, ETNIA, DISCAPACIDAD, CICLO_VITAL) personas: (Ocurrencia, Declaración y Eventos);48;COLOMBIA;99;Vichada;99773;Cumaribo;2024;5;Desplazamiento forzado;Mujer;Indigena;Ninguna;entre 29 y 59;8;0;8
31/12/2024 00:00;REPORTE VICTIMAS ANUALIZADO POR HECHO, CIFRA MUNICIPAL « VICHADA-CUMARIBO » (SEXO, ETNIA, DISCAPACIDAD, CICLO_VITAL) personas: (Ocurrencia, Declaración y Eventos);48;COLOMBIA;99;Vichada;99773;Cumaribo;2024;5;Desplazamiento forzado;Mujer;Indigena;Ninguna;entre 60 y 110;2;0;2
31/12/2024 00:00;REPORTE VICTIMAS ANUALIZADO POR HECHO, CIFRA MUNICIPAL « VICHADA-CUMARIBO » (SEXO, ETNIA, DISCAPACIDAD, CICLO_VITAL) personas: (Ocurrencia, Declaración y Eventos);48;COLOMBIA;99;Vichada;99773;Cumaribo;2024;5;Desplazamiento forzado;Mujer;Ninguna;Ninguna;entre 6 y 11;3;0;3
31/12/2024 00:00;REPORTE VICTIMAS ANUALIZADO POR HECHO, CIFRA MUNICIPAL « VICHADA-CUMARIBO » (SEXO, ETNIA, DISCAPACIDAD, CICLO_VITAL) personas: (Ocurrencia, Declaración y Eventos);48;COLOMBIA;99;Vichada;99773;Cumaribo;2024;5;Desplazamiento forzado;Mujer;Ninguna;Ninguna;entre 12 y 17;2;0;2
31/12/2024 00:00;REPORTE VICTIMAS ANUALIZADO POR HECHO, CIFRA MUNICIPAL « VICHADA-CUMARIBO » (SEXO, ETNIA, DISCAPACIDAD, CICLO_VITAL) personas: (Ocurrencia, Declaración y Eventos);48;COLOMBIA;99;Vichada;99773;Cumaribo;2024;5;Desplazamiento forzado;Mujer;Ninguna;Ninguna;entre 60 y 110;0;1;0
31/12/2024 00:00;REPORTE VICTIMAS ANUALIZADO POR HECHO, CIFRA MUNICIPAL « VICHADA-CUMARIBO » (SEXO, ETNIA, DISCAPACIDAD, CICLO_VITAL) personas: (Ocurrencia, Declaración y Eventos);48;COLOMBIA;99;Vichada;99773;Cumaribo;2024;5;Desplazamiento forzado;Mujer;Ninguna;Ninguna;entre 29 y 59;4;0;4
31/12/2024 00:00;REPORTE VICTIMAS ANUALIZADO POR HECHO, CIFRA MUNICIPAL « VICHADA-CUMARIBO » (SEXO, ETNIA, DISCAPACIDAD, CICLO_VITAL) personas: (Ocurrencia, Declaración y Eventos);48;COLOMBIA;99;Vichada;99773;Cumaribo;2024;5;Desplazamiento forzado;No Informa;Ninguna;Ninguna;entre 12 y 17;1;0;1
31/12/2024 00:00;REPORTE VICTIMAS ANUALIZADO POR HECHO, CIFRA MUNICIPAL « VICHADA-CUMARIBO » (SEXO, ETNIA, DISCAPACIDAD, CICLO_VITAL) personas: (Ocurrencia, Declaración y Eventos);48;COLOMBIA;99;Vichada;99773;Cumaribo;2024;5;Desplazamiento forzado;No Informa;Ninguna;Ninguna;entre 18 y 28;1;0;1
31/12/2024 00:00;REPORTE VICTIMAS ANUALIZADO POR HECHO, CIFRA MUNICIPAL « VICHADA-CUMARIBO » (SEXO, ETNIA, DISCAPACIDAD, CICLO_VITAL) personas: (Ocurrencia, Declaración y Eventos);48;COLOMBIA;99;Vichada;99773;Cumaribo;2024;6;Homicidio;Hombre;Ninguna;Ninguna;entre 29 y 59;1;1;1
31/12/2024 00:00;REPORTE VICTIMAS ANUALIZADO POR HECHO, CIFRA MUNICIPAL « VICHADA-CUMARIBO » (SEXO, ETNIA, DISCAPACIDAD, CICLO_VITAL) personas: (Ocurrencia, Declaración y Eventos);48;COLOMBIA;99;Vichada;99773;Cumaribo;2024;6;Homicidio;Mujer;Ninguna;Ninguna;entre 0 y 5;2;2;2
31/12/2024 00:00;REPORTE VICTIMAS ANUALIZADO POR HECHO, CIFRA MUNICIPAL « VICHADA-CUMARIBO » (SEXO, ETNIA, DISCAPACIDAD, CICLO_VITAL) personas: (Ocurrencia, Declaración y Eventos);48;COLOMBIA;99;Vichada;99773;Cumaribo;2024;6;Homicidio;Mujer;Ninguna;Ninguna;entre 6 y 11;2;2;2
31/12/2024 00:00;REPORTE VICTIMAS ANUALIZADO POR HECHO, CIFRA MUNICIPAL « VICHADA-CUMARIBO » (SEXO, ETNIA, DISCAPACIDAD, CICLO_VITAL) personas: (Ocurrencia, Declaración y Eventos);48;COLOMBIA;99;Vichada;99773;Cumaribo;2024;6;Homicidio;Mujer;Ninguna;Ninguna;entre 18 y 28;1;1;1
31/12/2024 00:00;REPORTE VICTIMAS ANUALIZADO POR HECHO, CIFRA MUNICIPAL « VICHADA-CUMARIBO » (SEXO, ETNIA, DISCAPACIDAD, CICLO_VITAL) personas: (Ocurrencia, Declaración y Eventos);48;COLOMBIA;99;Vichada;99773;Cumaribo;2024;12;Perdida de Bienes Muebles o Inmuebles;Hombre;Indigena;Ninguna;entre 18 y 28;0;0;0
31/12/2024 00:00;REPORTE VICTIMAS ANUALIZADO POR HECHO, CIFRA MUNICIPAL « VICHADA-CUMARIBO » (SEXO, ETNIA, DISCAPACIDAD, CICLO_VITAL) personas: (Ocurrencia, Declaración y Eventos);48;COLOMBIA;99;Vichada;99773;Cumaribo;2024;12;Perdida de Bienes Muebles o Inmuebles;Mujer;Indigena;Ninguna;entre 18 y 28;0;0;0
31/12/2024 00:00;REPORTE VICTIMAS ANUALIZADO POR HECHO, CIFRA MUNICIPAL « VICHADA-CUMARIBO » (SEXO, ETNIA, DISCAPACIDAD, CICLO_VITAL) personas: (Ocurrencia, Declaración y Eventos);48;COLOMBIA;99;Vichada;99773;Cumaribo;2024;12;Perdida de Bienes Muebles o Inmuebles;Mujer;Indigena;Ninguna;entre 29 y 59;2;0;2
31/12/2024 00:00;REPORTE VICTIMAS ANUALIZADO POR HECHO, CIFRA MUNICIPAL « VICHADA-CUMARIBO » (SEXO, ETNIA, DISCAPACIDAD, CICLO_VITAL) personas: (Ocurrencia, Declaración y Eventos);48;COLOMBIA;99;Vichada;99773;Cumaribo;2024;12;Perdida de Bienes Muebles o Inmuebles;Mujer;Indigena (Acreditado RA);Ninguna;entre 29 y 59;1;0;1
31/12/2024 00:00;REPORTE VICTIMAS ANUALIZADO POR HECHO, CIFRA MUNICIPAL « VICHADA-CUMARIBO » (SEXO, ETNIA, DISCAPACIDAD, CICLO_VITAL) personas: (Ocurrencia, Declaración y Eventos);48;COLOMBIA;99;Vichada;99773;Cumaribo;2024;12;Perdida de Bienes Muebles o Inmuebles;Mujer;Ninguna;Ninguna;entre 29 y 59;1;0;1
31/12/2024 00:00;REPORTE VICTIMAS ANUALIZADO POR HECHO, CIFRA MUNICIPAL « VICHADA-CUMARIBO » (SEXO, ETNIA, DISCAPACIDAD, CICLO_VITAL) personas: (Ocurrencia, Declaración y Eventos);48;COLOMBIA;99;Vichada;99773;Cumaribo;2024;15;Confinamiento;Hombre;Ninguna;Ninguna;entre 29 y 59;0;0;0
31/12/2024 00:00;REPORTE VICTIMAS ANUALIZADO POR HECHO, CIFRA MUNICIPAL « META-PUERTO GAITÁN » (SEXO, ETNIA, DISCAPACIDAD, CICLO_VITAL) personas: (Ocurrencia, Declaración y Eventos);48;COLOMBIA;50;Meta;50568;Puerto Gaitan;2024;1;Acto terrorista / Atentados / Combates / Enfrentamientos / Hostigamientos;Mujer;Ninguna;Ninguna;entre 29 y 59;0;1;0
31/12/2024 00:00;REPORTE VICTIMAS ANUALIZADO POR HECHO, CIFRA MUNICIPAL « META-PUERTO GAITÁN » (SEXO, ETNIA, DISCAPACIDAD, CICLO_VITAL) personas: (Ocurrencia, Declaración y Eventos);48;COLOMBIA;50;Meta;50568;Puerto Gaitan;2024;2;Amenaza;Hombre;Afrocolombiano (Acreditado RA);Ninguna;entre 18 y 28;0;1;0
31/12/2024 00:00;REPORTE VICTIMAS ANUALIZADO POR HECHO, CIFRA MUNICIPAL « META-PUERTO GAITÁN » (SEXO, ETNIA, DISCAPACIDAD, CICLO_VITAL) personas: (Ocurrencia, Declaración y Eventos);48;COLOMBIA;50;Meta;50568;Puerto Gaitan;2024;2;Amenaza;Hombre;Afrocolombiano (Acreditado RA);Ninguna;entre 29 y 59;0;1;0
31/12/2024 00:00;REPORTE VICTIMAS ANUALIZADO POR HECHO, CIFRA MUNICIPAL « META-PUERTO GAITÁN » (SEXO, ETNIA, DISCAPACIDAD, CICLO_VITAL) personas: (Ocurrencia, Declaración y Eventos);48;COLOMBIA;50;Meta;50568;Puerto Gaitan;2024;2;Amenaza;Hombre;Indigena;Ninguna;entre 0 y 5;23;23;23
31/12/2024 00:00;REPORTE VICTIMAS ANUALIZADO POR HECHO, CIFRA MUNICIPAL « META-PUERTO GAITÁN » (SEXO, ETNIA, DISCAPACIDAD, CICLO_VITAL) personas: (Ocurrencia, Declaración y Eventos);48;COLOMBIA;50;Meta;50568;Puerto Gaitan;2024;2;Amenaza;Hombre;Indigena;Ninguna;entre 6 y 11;17;18;17
31/12/2024 00:00;REPORTE VICTIMAS ANUALIZADO POR HECHO, CIFRA MUNICIPAL « META-PUERTO GAITÁN » (SEXO, ETNIA, DISCAPACIDAD, CICLO_VITAL) personas: (Ocurrencia, Declaración y Eventos);48;COLOMBIA;50;Meta;50568;Puerto Gaitan;2024;2;Amenaza;Hombre;Indigena;Ninguna;entre 12 y 17;5;5;5
31/12/2024 00:00;REPORTE VICTIMAS ANUALIZADO POR HECHO, CIFRA MUNICIPAL « META-PUERTO GAITÁN » (SEXO, ETNIA, DISCAPACIDAD, CICLO_VITAL) personas: (Ocurrencia, Declaración y Eventos);48;COLOMBIA;50;Meta;50568;Puerto Gaitan;2024;2;Amenaza;Hombre;Indigena;Ninguna;entre 18 y 28;20;20;20
31/12/2024 00:00;REPORTE VICTIMAS ANUALIZADO POR HECHO, CIFRA MUNICIPAL « META-PUERTO GAITÁN » (SEXO, ETNIA, DISCAPACIDAD, CICLO_VITAL) personas: (Ocurrencia, Declaración y Eventos);48;COLOMBIA;50;Meta;50568;Puerto Gaitan;2024;2;Amenaza;Hombre;Indigena;Ninguna;entre 29 y 59;21;22;21
31/12/2024 00:00;REPORTE VICTIMAS ANUALIZADO POR HECHO, CIFRA MUNICIPAL « META-PUERTO GAITÁN » (SEXO, ETNIA, DISCAPACIDAD, CICLO_VITAL) personas: (Ocurrencia, Declaración y Eventos);48;COLOMBIA;50;Meta;50568;Puerto Gaitan;2024;2;Amenaza;Hombre;Indigena;Ninguna;entre 60 y 110;1;1;1
31/12/2024 00:00;REPORTE VICTIMAS ANUALIZADO POR HECHO, CIFRA MUNICIPAL « META-PUERTO GAITÁN » (SEXO, ETNIA, DISCAPACIDAD, CICLO_VITAL) personas: (Ocurrencia, Declaración y Eventos);48;COLOMBIA;50;Meta;50568;Puerto Gaitan;2024;2;Amenaza;Hombre;Indigena (Acreditado RA);Ninguna;entre 6 y 11;1;1;1
31/12/2024 00:00;REPORTE VICTIMAS ANUALIZADO POR HECHO, CIFRA MUNICIPAL « META-PUERTO GAITÁN » (SEXO, ETNIA, DISCAPACIDAD, CICLO_VITAL) personas: (Ocurrencia, Declaración y Eventos);48;COLOMBIA;50;Meta;50568;Puerto Gaitan;2024;2;Amenaza;Hombre;Indigena (Acreditado RA);Ninguna;entre 12 y 17;1;2;1
31/12/2024 00:00;REPORTE VICTIMAS ANUALIZADO POR HECHO, CIFRA MUNICIPAL « META-PUERTO GAITÁN » (SEXO, ETNIA, DISCAPACIDAD, CICLO_VITAL) personas: (Ocurrencia, Declaración y Eventos);48;COLOMBIA;50;Meta;50568;Puerto Gaitan;2024;2;Amenaza;Hombre;Indigena (Acreditado RA);Ninguna;entre 18 y 28;2;2;2
31/12/2024 00:00;REPORTE VICTIMAS ANUALIZADO POR HECHO, CIFRA MUNICIPAL « META-PUERTO GAITÁN » (SEXO, ETNIA, DISCAPACIDAD, CICLO_VITAL) personas: (Ocurrencia, Declaración y Eventos);48;COLOMBIA;50;Meta;50568;Puerto Gaitan;2024;2;Amenaza;Hombre;Indigena (Acreditado RA);Ninguna;entre 60 y 110;3;3;3
31/12/2024 00:00;REPORTE VICTIMAS ANUALIZADO POR HECHO, CIFRA MUNICIPAL « META-PUERTO GAITÁN » (SEXO, ETNIA, DISCAPACIDAD, CICLO_VITAL) personas: (Ocurrencia, Declaración y Eventos);48;COLOMBIA;50;Meta;50568;Puerto Gaitan;2024;2;Amenaza;Hombre;Indigena (Acreditado RA);Ninguna;entre 29 y 59;6;6;7
31/12/2024 00:00;REPORTE VICTIMAS ANUALIZADO POR HECHO, CIFRA MUNICIPAL « META-PUERTO GAITÁN » (SEXO, ETNIA, DISCAPACIDAD, CICLO_VITAL) personas: (Ocurrencia, Declaración y Eventos);48;COLOMBIA;50;Meta;50568;Puerto Gaitan;2024;2;Amenaza;Hombre;Negro(a) o Afrocolombiano(a);Ninguna;entre 12 y 17;1;0;1
31/12/2024 00:00;REPORTE VICTIMAS ANUALIZADO POR HECHO, CIFRA MUNICIPAL « META-PUERTO GAITÁN » (SEXO, ETNIA, DISCAPACIDAD, CICLO_VITAL) personas: (Ocurrencia, Declaración y Eventos);48;COLOMBIA;50;Meta;50568;Puerto Gaitan;2024;2;Amenaza;Hombre;Negro(a) o Afrocolombiano(a);Ninguna;entre 29 y 59;0;2;0
31/12/2024 00:00;REPORTE VICTIMAS ANUALIZADO POR HECHO, CIFRA MUNICIPAL « META-PUERTO GAITÁN » (SEXO, ETNIA, DISCAPACIDAD, CICLO_VITAL) personas: (Ocurrencia, Declaración y Eventos);48;COLOMBIA;50;Meta;50568;Puerto Gaitan;2024;2;Amenaza;Hombre;Ninguna;Auditiva;entre 6 y 11;0;1;0
31/12/2024 00:00;REPORTE VICTIMAS ANUALIZADO POR HECHO, CIFRA MUNICIPAL « META-PUERTO GAITÁN » (SEXO, ETNIA, DISCAPACIDAD, CICLO_VITAL) personas: (Ocurrencia, Declaración y Eventos);48;COLOMBIA;50;Meta;50568;Puerto Gaitan;2024;2;Amenaza;Hombre;Ninguna;Auditiva;entre 60 y 110;0;1;0
31/12/2024 00:00;REPORTE VICTIMAS ANUALIZADO POR HECHO, CIFRA MUNICIPAL « META-PUERTO GAITÁN » (SEXO, ETNIA, DISCAPACIDAD, CICLO_VITAL) personas: (Ocurrencia, Declaración y Eventos);48;COLOMBIA;50;Meta;50568;Puerto Gaitan;2024;2;Amenaza;Hombre;Ninguna;Auditiva;entre 29 y 59;0;1;0
31/12/2024 00:00;REPORTE VICTIMAS ANUALIZADO POR HECHO, CIFRA MUNICIPAL « META-PUERTO GAITÁN » (SEXO, ETNIA, DISCAPACIDAD, CICLO_VITAL) personas: (Ocurrencia, Declaración y Eventos);48;COLOMBIA;50;Meta;50568;Puerto Gaitan;2024;2;Amenaza;Hombre;Ninguna;Fisica;entre 29 y 59;1;0;1
31/12/2024 00:00;REPORTE VICTIMAS ANUALIZADO POR HECHO, CIFRA MUNICIPAL « META-PUERTO GAITÁN » (SEXO, ETNIA, DISCAPACIDAD, CICLO_VITAL) personas: (Ocurrencia, Declaración y Eventos);48;COLOMBIA;50;Meta;50568;Puerto Gaitan;2024;2;Amenaza;Hombre;Ninguna;Multiple;entre 29 y 59;2;1;2
31/12/2024 00:00;REPORTE VICTIMAS ANUALIZADO POR HECHO, CIFRA MUNICIPAL « META-PUERTO GAITÁN » (SEXO, ETNIA, DISCAPACIDAD, CICLO_VITAL) personas: (Ocurrencia, Declaración y Eventos);48;COLOMBIA;50;Meta;50568;Puerto Gaitan;2024;2;Amenaza;Hombre;Ninguna;Ninguna;entre 0 y 5;3;7;3
31/12/2024 00:00;REPORTE VICTIMAS ANUALIZADO POR HECHO, CIFRA MUNICIPAL « META-PUERTO GAITÁN » (SEXO, ETNIA, DISCAPACIDAD, CICLO_VITAL) personas: (Ocurrencia, Declaración y Eventos);48;COLOMBIA;50;Meta;50568;Puerto Gaitan;2024;2;Amenaza;Hombre;Ninguna;Ninguna;entre 6 y 11;7;10;7
31/12/2024 00:00;REPORTE VICTIMAS ANUALIZADO POR HECHO, CIFRA MUNICIPAL « META-PUERTO GAITÁN » (SEXO, ETNIA, DISCAPACIDAD, CICLO_VITAL) personas: (Ocurrencia, Declaración y Eventos);48;COLOMBIA;50;Meta;50568;Puerto Gaitan;2024;2;Amenaza;Hombre;Ninguna;Ninguna;entre 12 y 17;6;5;7
31/12/2024 00:00;REPORTE VICTIMAS ANUALIZADO POR HECHO, CIFRA MUNICIPAL « META-PUERTO GAITÁN » (SEXO, ETNIA, DISCAPACIDAD, CICLO_VITAL) personas: (Ocurrencia, Declaración y Eventos);48;COLOMBIA;50;Meta;50568;Puerto Gaitan;2024;2;Amenaza;Hombre;Ninguna;Ninguna;entre 18 y 28;7;10;7
31/12/2024 00:00;REPORTE VICTIMAS ANUALIZADO POR HECHO, CIFRA MUNICIPAL « META-PUERTO GAITÁN » (SEXO, ETNIA, DISCAPACIDAD, CICLO_VITAL) personas: (Ocurrencia, Declaración y Eventos);48;COLOMBIA;50;Meta;50568;Puerto Gaitan;2024;2;Amenaza;Hombre;Ninguna;Ninguna;ND;1;0;1
31/12/2024 00:00;REPORTE VICTIMAS ANUALIZADO POR HECHO, CIFRA MUNICIPAL « META-PUERTO GAITÁN » (SEXO, ETNIA, DISCAPACIDAD, CICLO_VITAL) personas: (Ocurrencia, Declaración y Eventos);48;COLOMBIA;50;Meta;50568;Puerto Gaitan;2024;2;Amenaza;Hombre;Ninguna;Ninguna;entre 60 y 110;2;5;2
31/12/2024 00:00;REPORTE VICTIMAS ANUALIZADO POR HECHO, CIFRA MUNICIPAL « META-PUERTO GAITÁN » (SEXO, ETNIA, DISCAPACIDAD, CICLO_VITAL) personas: (Ocurrencia, Declaración y Eventos);48;COLOMBIA;50;Meta;50568;Puerto Gaitan;2024;2;Amenaza;Hombre;Ninguna;Ninguna;entre 29 y 59;15;14;15
31/12/2024 00:00;REPORTE VICTIMAS ANUALIZADO POR HECHO, CIFRA MUNICIPAL « META-PUERTO GAITÁN » (SEXO, ETNIA, DISCAPACIDAD, CICLO_VITAL) personas: (Ocurrencia, Declaración y Eventos);48;COLOMBIA;50;Meta;50568;Puerto Gaitan;2024;2;Amenaza;Hombre;Raizal del Archipielago de San Andres y Providencia;Ninguna;entre 29 y 59;1;1;1
31/12/2024 00:00;REPORTE VICTIMAS ANUALIZADO POR HECHO, CIFRA MUNICIPAL « META-PUERTO GAITÁN » (SEXO, ETNIA, DISCAPACIDAD, CICLO_VITAL) personas: (Ocurrencia, Declaración y Eventos);48;COLOMBIA;50;Meta;50568;Puerto Gaitan;2024;2;Amenaza;Mujer;Afrocolombiano (Acreditado RA);Ninguna;entre 29 y 59;0;1;0
31/12/2024 00:00;REPORTE VICTIMAS ANUALIZADO POR HECHO, CIFRA MUNICIPAL « META-PUERTO GAITÁN » (SEXO, ETNIA, DISCAPACIDAD, CICLO_VITAL) personas: (Ocurrencia, Declaración y Eventos);48;COLOMBIA;50;Meta;50568;Puerto Gaitan;2024;2;Amenaza;Mujer;Indigena;Ninguna;entre 0 y 5;13;15;13
31/12/2024 00:00;REPORTE VICTIMAS ANUALIZADO POR HECHO, CIFRA MUNICIPAL « META-PUERTO GAITÁN » (SEXO, ETNIA, DISCAPACIDAD, CICLO_VITAL) personas: (Ocurrencia, Declaración y Eventos);48;COLOMBIA;50;Meta;50568;Puerto Gaitan;2024;2;Amenaza;Mujer;Indigena;Ninguna;entre 6 y 11;12;15;12
31/12/2024 00:00;REPORTE VICTIMAS ANUALIZADO POR HECHO, CIFRA MUNICIPAL « META-PUERTO GAITÁN » (SEXO, ETNIA, DISCAPACIDAD, CICLO_VITAL) personas: (Ocurrencia, Declaración y Eventos);48;COLOMBIA;50;Meta;50568;Puerto Gaitan;2024;2;Amenaza;Mujer;Indigena;Ninguna;entre 12 y 17;10;11;10
31/12/2024 00:00;REPORTE VICTIMAS ANUALIZADO POR HECHO, CIFRA MUNICIPAL « META-PUERTO GAITÁN » (SEXO, ETNIA, DISCAPACIDAD, CICLO_VITAL) personas: (Ocurrencia, Declaración y Eventos);48;COLOMBIA;50;Meta;50568;Puerto Gaitan;2024;2;Amenaza;Mujer;Indigena;Ninguna;entre 18 y 28;20;20;21
31/12/2024 00:00;REPORTE VICTIMAS ANUALIZADO POR HECHO, CIFRA MUNICIPAL « META-PUERTO GAITÁN » (SEXO, ETNIA, DISCAPACIDAD, CICLO_VITAL) personas: (Ocurrencia, Declaración y Eventos);48;COLOMBIA;50;Meta;50568;Puerto Gaitan;2024;2;Amenaza;Mujer;Indigena;Ninguna;entre 60 y 110;2;2;2
31/12/2024 00:00;REPORTE VICTIMAS ANUALIZADO POR HECHO, CIFRA MUNICIPAL « META-PUERTO GAITÁN » (SEXO, ETNIA, DISCAPACIDAD, CICLO_VITAL) personas: (Ocurrencia, Declaración y Eventos);48;COLOMBIA;50;Meta;50568;Puerto Gaitan;2024;2;Amenaza;Mujer;Indigena;Ninguna;entre 29 y 59;23;26;24
31/12/2024 00:00;REPORTE VICTIMAS ANUALIZADO POR HECHO, CIFRA MUNICIPAL « META-PUERTO GAITÁN » (SEXO, ETNIA, DISCAPACIDAD, CICLO_VITAL) personas: (Ocurrencia, Declaración y Eventos);48;COLOMBIA;50;Meta;50568;Puerto Gaitan;2024;2;Amenaza;Mujer;Indigena (Acreditado RA);Ninguna;entre 6 y 11;1;1;1
31/12/2024 00:00;REPORTE VICTIMAS ANUALIZADO POR HECHO, CIFRA MUNICIPAL « META-PUERTO GAITÁN » (SEXO, ETNIA, DISCAPACIDAD, CICLO_VITAL) personas: (Ocurrencia, Declaración y Eventos);48;COLOMBIA;50;Meta;50568;Puerto Gaitan;2024;2;Amenaza;Mujer;Indigena (Acreditado RA);Ninguna;entre 12 y 17;1;1;1
31/12/2024 00:00;REPORTE VICTIMAS ANUALIZADO POR HECHO, CIFRA MUNICIPAL « META-PUERTO GAITÁN » (SEXO, ETNIA, DISCAPACIDAD, CICLO_VITAL) personas: (Ocurrencia, Declaración y Eventos);48;COLOMBIA;50;Meta;50568;Puerto Gaitan;2024;2;Amenaza;Mujer;Indigena (Acreditado RA);Ninguna;entre 18 y 28;2;3;2
31/12/2024 00:00;REPORTE VICTIMAS ANUALIZADO POR HECHO, CIFRA MUNICIPAL « META-PUERTO GAITÁN » (SEXO, ETNIA, DISCAPACIDAD, CICLO_VITAL) personas: (Ocurrencia, Declaración y Eventos);48;COLOMBIA;50;Meta;50568;Puerto Gaitan;2024;2;Amenaza;Mujer;Indigena (Acreditado RA);Ninguna;entre 29 y 59;3;3;3
31/12/2024 00:00;REPORTE VICTIMAS ANUALIZADO POR HECHO, CIFRA MUNICIPAL « META-PUERTO GAITÁN » (SEXO, ETNIA, DISCAPACIDAD, CICLO_VITAL) personas: (Ocurrencia, Declaración y Eventos);48;COLOMBIA;50;Meta;50568;Puerto Gaitan;2024;2;Amenaza;Mujer;Indigena (Acreditado RA);Ninguna;entre 60 y 110;1;1;1
31/12/2024 00:00;REPORTE VICTIMAS ANUALIZADO POR HECHO, CIFRA MUNICIPAL « META-PUERTO GAITÁN » (SEXO, ETNIA, DISCAPACIDAD, CICLO_VITAL) personas: (Ocurrencia, Declaración y Eventos);48;COLOMBIA;50;Meta;50568;Puerto Gaitan;2024;2;Amenaza;Mujer;Negro(a) o Afrocolombiano(a);Ninguna;entre 29 y 59;1;0;1
31/12/2024 00:00;REPORTE VICTIMAS ANUALIZADO POR HECHO, CIFRA MUNICIPAL « META-PUERTO GAITÁN » (SEXO, ETNIA, DISCAPACIDAD, CICLO_VITAL) personas: (Ocurrencia, Declaración y Eventos);48;COLOMBIA;50;Meta;50568;Puerto Gaitan;2024;2;Amenaza;Mujer;Ninguna;Fisica;entre 29 y 59;0;1;0
31/12/2024 00:00;REPORTE VICTIMAS ANUALIZADO POR HECHO, CIFRA MUNICIPAL « META-PUERTO GAITÁN » (SEXO, ETNIA, DISCAPACIDAD, CICLO_VITAL) personas: (Ocurrencia, Declaración y Eventos);48;COLOMBIA;50;Meta;50568;Puerto Gaitan;2024;2;Amenaza;Mujer;Ninguna;Fisica;entre 60 y 110;0;1;0
31/12/2024 00:00;REPORTE VICTIMAS ANUALIZADO POR HECHO, CIFRA MUNICIPAL « META-PUERTO GAITÁN » (SEXO, ETNIA, DISCAPACIDAD, CICLO_VITAL) personas: (Ocurrencia, Declaración y Eventos);48;COLOMBIA;50;Meta;50568;Puerto Gaitan;2024;2;Amenaza;Mujer;Ninguna;Multiple;entre 29 y 59;1;1;1
31/12/2024 00:00;REPORTE VICTIMAS ANUALIZADO POR HECHO, CIFRA MUNICIPAL « META-PUERTO GAITÁN » (SEXO, ETNIA, DISCAPACIDAD, CICLO_VITAL) personas: (Ocurrencia, Declaración y Eventos);48;COLOMBIA;50;Meta;50568;Puerto Gaitan;2024;2;Amenaza;Mujer;Ninguna;Ninguna;entre 0 y 5;1;6;1
31/12/2024 00:00;REPORTE VICTIMAS ANUALIZADO POR HECHO, CIFRA MUNICIPAL « META-PUERTO GAITÁN » (SEXO, ETNIA, DISCAPACIDAD, CICLO_VITAL) personas: (Ocurrencia, Declaración y Eventos);48;COLOMBIA;50;Meta;50568;Puerto Gaitan;2024;2;Amenaza;Mujer;Ninguna;Ninguna;entre 6 y 11;5;3;6
31/12/2024 00:00;REPORTE VICTIMAS ANUALIZADO POR HECHO, CIFRA MUNICIPAL « META-PUERTO GAITÁN » (SEXO, ETNIA, DISCAPACIDAD, CICLO_VITAL) personas: (Ocurrencia, Declaración y Eventos);48;COLOMBIA;50;Meta;50568;Puerto Gaitan;2024;2;Amenaza;Mujer;Ninguna;Ninguna;entre 12 y 17;2;4;2
31/12/2024 00:00;REPORTE VICTIMAS ANUALIZADO POR HECHO, CIFRA MUNICIPAL « META-PUERTO GAITÁN » (SEXO, ETNIA, DISCAPACIDAD, CICLO_VITAL) personas: (Ocurrencia, Declaración y Eventos);48;COLOMBIA;50;Meta;50568;Puerto Gaitan;2024;2;Amenaza;Mujer;Ninguna;Ninguna;entre 18 y 28;3;6;3
31/12/2024 00:00;REPORTE VICTIMAS ANUALIZADO POR HECHO, CIFRA MUNICIPAL « META-PUERTO GAITÁN » (SEXO, ETNIA, DISCAPACIDAD, CICLO_VITAL) personas: (Ocurrencia, Declaración y Eventos);48;COLOMBIA;50;Meta;50568;Puerto Gaitan;2024;2;Amenaza;Mujer;Ninguna;Ninguna;entre 29 y 59;12;18;13
31/12/2024 00:00;REPORTE VICTIMAS ANUALIZADO POR HECHO, CIFRA MUNICIPAL « META-PUERTO GAITÁN » (SEXO, ETNIA, DISCAPACIDAD, CICLO_VITAL) personas: (Ocurrencia, Declaración y Eventos);48;COLOMBIA;50;Meta;50568;Puerto Gaitan;2024;2;Amenaza;Mujer;Ninguna;Ninguna;entre 60 y 110;3;1;3
31/12/2024 00:00;REPORTE VICTIMAS ANUALIZADO POR HECHO, CIFRA MUNICIPAL « META-PUERTO GAITÁN » (SEXO, ETNIA, DISCAPACIDAD, CICLO_VITAL) personas: (Ocurrencia, Declaración y Eventos);48;COLOMBIA;50;Meta;50568;Puerto Gaitan;2024;2;Amenaza;Mujer;Ninguna;Por Establecer;entre 29 y 59;1;0;1
31/12/2024 00:00;REPORTE VICTIMAS ANUALIZADO POR HECHO, CIFRA MUNICIPAL « META-PUERTO GAITÁN » (SEXO, ETNIA, DISCAPACIDAD, CICLO_VITAL) personas: (Ocurrencia, Declaración y Eventos);48;COLOMBIA;50;Meta;50568;Puerto Gaitan;2024;2;Amenaza;Mujer;Ninguna;Psicosocial (Mental);entre 6 y 11;1;0;1
31/12/2024 00:00;REPORTE VICTIMAS ANUALIZADO POR HECHO, CIFRA MUNICIPAL « META-PUERTO GAITÁN » (SEXO, ETNIA, DISCAPACIDAD, CICLO_VITAL) personas: (Ocurrencia, Declaración y Eventos);48;COLOMBIA;50;Meta;50568;Puerto Gaitan;2024;2;Amenaza;Mujer;Ninguna;Visual;entre 29 y 59;0;0;0
31/12/2024 00:00;REPORTE VICTIMAS ANUALIZADO POR HECHO, CIFRA MUNICIPAL « META-PUERTO GAITÁN » (SEXO, ETNIA, DISCAPACIDAD, CICLO_VITAL) personas: (Ocurrencia, Declaración y Eventos);48;COLOMBIA;50;Meta;50568;Puerto Gaitan;2024;5;Desplazamiento forzado;Hombre;Afrocolombiano (Acreditado RA);Ninguna;entre 18 y 28;0;1;0
31/12/2024 00:00;REPORTE VICTIMAS ANUALIZADO POR HECHO, CIFRA MUNICIPAL « META-PUERTO GAITÁN » (SEXO, ETNIA, DISCAPACIDAD, CICLO_VITAL) personas: (Ocurrencia, Declaración y Eventos);48;COLOMBIA;50;Meta;50568;Puerto Gaitan;2024;5;Desplazamiento forzado;Hombre;Afrocolombiano (Acreditado RA);Ninguna;entre 29 y 59;0;1;0
31/12/2024 00:00;REPORTE VICTIMAS ANUALIZADO POR HECHO, CIFRA MUNICIPAL « META-PUERTO GAITÁN » (SEXO, ETNIA, DISCAPACIDAD, CICLO_VITAL) personas: (Ocurrencia, Declaración y Eventos);48;COLOMBIA;50;Meta;50568;Puerto Gaitan;2024;5;Desplazamiento forzado;Hombre;Indigena;Ninguna;entre 0 y 5;35;36;36
31/12/2024 00:00;REPORTE VICTIMAS ANUALIZADO POR HECHO, CIFRA MUNICIPAL « META-PUERTO GAITÁN » (SEXO, ETNIA, DISCAPACIDAD, CICLO_VITAL) personas: (Ocurrencia, Declaración y Eventos);48;COLOMBIA;50;Meta;50568;Puerto Gaitan;2024;5;Desplazamiento forzado;Hombre;Indigena;Ninguna;entre 6 y 11;28;30;28
31/12/2024 00:00;REPORTE VICTIMAS ANUALIZADO POR HECHO, CIFRA MUNICIPAL « META-PUERTO GAITÁN » (SEXO, ETNIA, DISCAPACIDAD, CICLO_VITAL) personas: (Ocurrencia, Declaración y Eventos);48;COLOMBIA;50;Meta;50568;Puerto Gaitan;2024;5;Desplazamiento forzado;Hombre;Indigena;Ninguna;entre 12 y 17;9;10;9
31/12/2024 00:00;REPORTE VICTIMAS ANUALIZADO POR HECHO, CIFRA MUNICIPAL « META-PUERTO GAITÁN » (SEXO, ETNIA, DISCAPACIDAD, CICLO_VITAL) personas: (Ocurrencia, Declaración y Eventos);48;COLOMBIA;50;Meta;50568;Puerto Gaitan;2024;5;Desplazamiento forzado;Hombre;Indigena;Ninguna;entre 18 y 28;32;32;33
31/12/2024 00:00;REPORTE VICTIMAS ANUALIZADO POR HECHO, CIFRA MUNICIPAL « META-PUERTO GAITÁN » (SEXO, ETNIA, DISCAPACIDAD, CICLO_VITAL) personas: (Ocurrencia, Declaración y Eventos);48;COLOMBIA;50;Meta;50568;Puerto Gaitan;2024;5;Desplazamiento forzado;Hombre;Indigena;Ninguna;entre 60 y 110;1;1;1
31/12/2024 00:00;REPORTE VICTIMAS ANUALIZADO POR HECHO, CIFRA MUNICIPAL « META-PUERTO GAITÁN » (SEXO, ETNIA, DISCAPACIDAD, CICLO_VITAL) personas: (Ocurrencia, Declaración y Eventos);48;COLOMBIA;50;Meta;50568;Puerto Gaitan;2024;5;Desplazamiento forzado;Hombre;Indigena;Ninguna;entre 29 y 59;32;33;32
31/12/2024 00:00;REPORTE VICTIMAS ANUALIZADO POR HECHO, CIFRA MUNICIPAL « META-PUERTO GAITÁN » (SEXO, ETNIA, DISCAPACIDAD, CICLO_VITAL) personas: (Ocurrencia, Declaración y Eventos);48;COLOMBIA;50;Meta;50568;Puerto Gaitan;2024;5;Desplazamiento forzado;Hombre;Indigena (Acreditado RA);Ninguna;entre 6 y 11;2;2;2
31/12/2024 00:00;REPORTE VICTIMAS ANUALIZADO POR HECHO, CIFRA MUNICIPAL « META-PUERTO GAITÁN » (SEXO, ETNIA, DISCAPACIDAD, CICLO_VITAL) personas: (Ocurrencia, Declaración y Eventos);48;COLOMBIA;50;Meta;50568;Puerto Gaitan;2024;5;Desplazamiento forzado;Hombre;Indigena (Acreditado RA);Ninguna;entre 12 y 17;1;2;1
31/12/2024 00:00;REPORTE VICTIMAS ANUALIZADO POR HECHO, CIFRA MUNICIPAL « META-PUERTO GAITÁN » (SEXO, ETNIA, DISCAPACIDAD, CICLO_VITAL) personas: (Ocurrencia, Declaración y Eventos);48;COLOMBIA;50;Meta;50568;Puerto Gaitan;2024;5;Desplazamiento forzado;Hombre;Indigena (Acreditado RA);Ninguna;entre 18 y 28;5;5;5
31/12/2024 00:00;REPORTE VICTIMAS ANUALIZADO POR HECHO, CIFRA MUNICIPAL « META-PUERTO GAITÁN » (SEXO, ETNIA, DISCAPACIDAD, CICLO_VITAL) personas: (Ocurrencia, Declaración y Eventos);48;COLOMBIA;50;Meta;50568;Puerto Gaitan;2024;5;Desplazamiento forzado;Hombre;Indigena (Acreditado RA);Ninguna;entre 29 y 59;8;9;8
31/12/2024 00:00;REPORTE VICTIMAS ANUALIZADO POR HECHO, CIFRA MUNICIPAL « META-PUERTO GAITÁN » (SEXO, ETNIA, DISCAPACIDAD, CICLO_VITAL) personas: (Ocurrencia, Declaración y Eventos);48;COLOMBIA;50;Meta;50568;Puerto Gaitan;2024;5;Desplazamiento forzado;Hombre;Indigena (Acreditado RA);Ninguna;entre 60 y 110;4;4;4
31/12/2024 00:00;REPORTE VICTIMAS ANUALIZADO POR HECHO, CIFRA MUNICIPAL « META-PUERTO GAITÁN » (SEXO, ETNIA, DISCAPACIDAD, CICLO_VITAL) personas: (Ocurrencia, Declaración y Eventos);48;COLOMBIA;50;Meta;50568;Puerto Gaitan;2024;5;Desplazamiento forzado;Hombre;Negro(a) o Afrocolombiano(a);Ninguna;entre 12 y 17;1;0;1
31/12/2024 00:00;REPORTE VICTIMAS ANUALIZADO POR HECHO, CIFRA MUNICIPAL « META-PUERTO GAITÁN » (SEXO, ETNIA, DISCAPACIDAD, CICLO_VITAL) personas: (Ocurrencia, Declaración y Eventos);48;COLOMBIA;50;Meta;50568;Puerto Gaitan;2024;5;Desplazamiento forzado;Hombre;Negro(a) o Afrocolombiano(a);Ninguna;entre 29 y 59;0;2;0
31/12/2024 00:00;REPORTE VICTIMAS ANUALIZADO POR HECHO, CIFRA MUNICIPAL « META-PUERTO GAITÁN » (SEXO, ETNIA, DISCAPACIDAD, CICLO_VITAL) personas: (Ocurrencia, Declaración y Eventos);48;COLOMBIA;50;Meta;50568;Puerto Gaitan;2024;5;Desplazamiento forzado;Hombre;Ninguna;Auditiva;entre 6 y 11;0;1;0
31/12/2024 00:00;REPORTE VICTIMAS ANUALIZADO POR HECHO, CIFRA MUNICIPAL « META-PUERTO GAITÁN » (SEXO, ETNIA, DISCAPACIDAD, CICLO_VITAL) personas: (Ocurrencia, Declaración y Eventos);48;COLOMBIA;50;Meta;50568;Puerto Gaitan;2024;5;Desplazamiento forzado;Hombre;Ninguna;Auditiva;entre 29 y 59;0;1;0
31/12/2024 00:00;REPORTE VICTIMAS ANUALIZADO POR HECHO, CIFRA MUNICIPAL « META-PUERTO GAITÁN » (SEXO, ETNIA, DISCAPACIDAD, CICLO_VITAL) personas: (Ocurrencia, Declaración y Eventos);48;COLOMBIA;50;Meta;50568;Puerto Gaitan;2024;5;Desplazamiento forzado;Hombre;Ninguna;Auditiva;entre 60 y 110;0;2;0
31/12/2024 00:00;REPORTE VICTIMAS ANUALIZADO POR HECHO, CIFRA MUNICIPAL « META-PUERTO GAITÁN » (SEXO, ETNIA, DISCAPACIDAD, CICLO_VITAL) personas: (Ocurrencia, Declaración y Eventos);48;COLOMBIA;50;Meta;50568;Puerto Gaitan;2024;5;Desplazamiento forzado;Hombre;Ninguna;Multiple;entre 29 y 59;1;1;1
31/12/2024 00:00;REPORTE VICTIMAS ANUALIZADO POR HECHO, CIFRA MUNICIPAL « META-PUERTO GAITÁN » (SEXO, ETNIA, DISCAPACIDAD, CICLO_VITAL) personas: (Ocurrencia, Declaración y Eventos);48;COLOMBIA;50;Meta;50568;Puerto Gaitan;2024;5;Desplazamiento forzado;Hombre;Ninguna;Ninguna;entre 0 y 5;7;12;7
31/12/2024 00:00;REPORTE VICTIMAS ANUALIZADO POR HECHO, CIFRA MUNICIPAL « META-PUERTO GAITÁN » (SEXO, ETNIA, DISCAPACIDAD, CICLO_VITAL) personas: (Ocurrencia, Declaración y Eventos);48;COLOMBIA;50;Meta;50568;Puerto Gaitan;2024;5;Desplazamiento forzado;Hombre;Ninguna;Ninguna;entre 6 y 11;10;13;10
31/12/2024 00:00;REPORTE VICTIMAS ANUALIZADO POR HECHO, CIFRA MUNICIPAL « META-PUERTO GAITÁN » (SEXO, ETNIA, DISCAPACIDAD, CICLO_VITAL) personas: (Ocurrencia, Declaración y Eventos);48;COLOMBIA;50;Meta;50568;Puerto Gaitan;2024;5;Desplazamiento forzado;Hombre;Ninguna;Ninguna;entre 12 y 17;7;8;7
31/12/2024 00:00;REPORTE VICTIMAS ANUALIZADO POR HECHO, CIFRA MUNICIPAL « META-PUERTO GAITÁN » (SEXO, ETNIA, DISCAPACIDAD, CICLO_VITAL) personas: (Ocurrencia, Declaración y Eventos);48;COLOMBIA;50;Meta;50568;Puerto Gaitan;2024;5;Desplazamiento forzado;Hombre;Ninguna;Ninguna;entre 18 y 28;7;10;7
31/12/2024 00:00;REPORTE VICTIMAS ANUALIZADO POR HECHO, CIFRA MUNICIPAL « META-PUERTO GAITÁN » (SEXO, ETNIA, DISCAPACIDAD, CICLO_VITAL) personas: (Ocurrencia, Declaración y Eventos);48;COLOMBIA;50;Meta;50568;Puerto Gaitan;2024;5;Desplazamiento forzado;Hombre;Ninguna;Ninguna;entre 60 y 110;4;5;4
31/12/2024 00:00;REPORTE VICTIMAS ANUALIZADO POR HECHO, CIFRA MUNICIPAL « META-PUERTO GAITÁN » (SEXO, ETNIA, DISCAPACIDAD, CICLO_VITAL) personas: (Ocurrencia, Declaración y Eventos);48;COLOMBIA;50;Meta;50568;Puerto Gaitan;2024;5;Desplazamiento forzado;Hombre;Ninguna;Ninguna;entre 29 y 59;18;16;18
31/12/2024 00:00;REPORTE VICTIMAS ANUALIZADO POR HECHO, CIFRA MUNICIPAL « META-PUERTO GAITÁN » (SEXO, ETNIA, DISCAPACIDAD, CICLO_VITAL) personas: (Ocurrencia, Declaración y Eventos);48;COLOMBIA;50;Meta;50568;Puerto Gaitan;2024;5;Desplazamiento forzado;Hombre;Ninguna;Ninguna;ND;1;0;1
31/12/2024 00:00;REPORTE VICTIMAS ANUALIZADO POR HECHO, CIFRA MUNICIPAL « META-PUERTO GAITÁN » (SEXO, ETNIA, DISCAPACIDAD, CICLO_VITAL) personas: (Ocurrencia, Declaración y Eventos);48;COLOMBIA;50;Meta;50568;Puerto Gaitan;2024;5;Desplazamiento forzado;Hombre;Ninguna;Visual;entre 18 y 28;0;1;0
31/12/2024 00:00;REPORTE VICTIMAS ANUALIZADO POR HECHO, CIFRA MUNICIPAL « META-PUERTO GAITÁN » (SEXO, ETNIA, DISCAPACIDAD, CICLO_VITAL) personas: (Ocurrencia, Declaración y Eventos);48;COLOMBIA;50;Meta;50568;Puerto Gaitan;2024;5;Desplazamiento forzado;Hombre;Raizal del Archipielago de San Andres y Providencia;Ninguna;entre 29 y 59;1;1;1
31/12/2024 00:00;REPORTE VICTIMAS ANUALIZADO POR HECHO, CIFRA MUNICIPAL « META-PUERTO GAITÁN » (SEXO, ETNIA, DISCAPACIDAD, CICLO_VITAL) personas: (Ocurrencia, Declaración y Eventos);48;COLOMBIA;50;Meta;50568;Puerto Gaitan;2024;5;Desplazamiento forzado;LGBTI;Ninguna;Ninguna;entre 29 y 59;0;0;0
31/12/2024 00:00;REPORTE VICTIMAS ANUALIZADO POR HECHO, CIFRA MUNICIPAL « META-PUERTO GAITÁN » (SEXO, ETNIA, DISCAPACIDAD, CICLO_VITAL) personas: (Ocurrencia, Declaración y Eventos);48;COLOMBIA;50;Meta;50568;Puerto Gaitan;2024;5;Desplazamiento forzado;Mujer;Afrocolombiano (Acreditado RA);Ninguna;entre 29 y 59;0;1;0
31/12/2024 00:00;REPORTE VICTIMAS ANUALIZADO POR HECHO, CIFRA MUNICIPAL « META-PUERTO GAITÁN » (SEXO, ETNIA, DISCAPACIDAD, CICLO_VITAL) personas: (Ocurrencia, Declaración y Eventos);48;COLOMBIA;50;Meta;50568;Puerto Gaitan;2024;5;Desplazamiento forzado;Mujer;Indigena;Ninguna;entre 0 y 5;25;28;25
31/12/2024 00:00;REPORTE VICTIMAS ANUALIZADO POR HECHO, CIFRA MUNICIPAL « META-PUERTO GAITÁN » (SEXO, ETNIA, DISCAPACIDAD, CICLO_VITAL) personas: (Ocurrencia, Declaración y Eventos);48;COLOMBIA;50;Meta;50568;Puerto Gaitan;2024;5;Desplazamiento forzado;Mujer;Indigena;Ninguna;entre 6 y 11;27;32;27
31/12/2024 00:00;REPORTE VICTIMAS ANUALIZADO POR HECHO, CIFRA MUNICIPAL « META-PUERTO GAITÁN » (SEXO, ETNIA, DISCAPACIDAD, CICLO_VITAL) personas: (Ocurrencia, Declaración y Eventos);48;COLOMBIA;50;Meta;50568;Puerto Gaitan;2024;5;Desplazamiento forzado;Mujer;Indigena;Ninguna;entre 12 y 17;18;19;18
31/12/2024 00:00;REPORTE VICTIMAS ANUALIZADO POR HECHO, CIFRA MUNICIPAL « META-PUERTO GAITÁN » (SEXO, ETNIA, DISCAPACIDAD, CICLO_VITAL) personas: (Ocurrencia, Declaración y Eventos);48;COLOMBIA;50;Meta;50568;Puerto Gaitan;2024;5;Desplazamiento forzado;Mujer;Indigena;Ninguna;entre 18 y 28;29;29;30
31/12/2024 00:00;REPORTE VICTIMAS ANUALIZADO POR HECHO, CIFRA MUNICIPAL « META-PUERTO GAITÁN » (SEXO, ETNIA, DISCAPACIDAD, CICLO_VITAL) personas: (Ocurrencia, Declaración y Eventos);48;COLOMBIA;50;Meta;50568;Puerto Gaitan;2024;5;Desplazamiento forzado;Mujer;Indigena;Ninguna;entre 60 y 110;5;6;5
31/12/2024 00:00;REPORTE VICTIMAS ANUALIZADO POR HECHO, CIFRA MUNICIPAL « META-PUERTO GAITÁN » (SEXO, ETNIA, DISCAPACIDAD, CICLO_VITAL) personas: (Ocurrencia, Declaración y Eventos);48;COLOMBIA;50;Meta;50568;Puerto Gaitan;2024;5;Desplazamiento forzado;Mujer;Indigena;Ninguna;entre 29 y 59;35;38;35
31/12/2024 00:00;REPORTE VICTIMAS ANUALIZADO POR HECHO, CIFRA MUNICIPAL « META-PUERTO GAITÁN » (SEXO, ETNIA, DISCAPACIDAD, CICLO_VITAL) personas: (Ocurrencia, Declaración y Eventos);48;COLOMBIA;50;Meta;50568;Puerto Gaitan;2024;5;Desplazamiento forzado;Mujer;Indigena (Acreditado RA);Ninguna;entre 6 y 11;2;2;2
31/12/2024 00:00;REPORTE VICTIMAS ANUALIZADO POR HECHO, CIFRA MUNICIPAL « META-PUERTO GAITÁN » (SEXO, ETNIA, DISCAPACIDAD, CICLO_VITAL) personas: (Ocurrencia, Declaración y Eventos);48;COLOMBIA;50;Meta;50568;Puerto Gaitan;2024;5;Desplazamiento forzado;Mujer;Indigena (Acreditado RA);Ninguna;entre 12 y 17;3;3;3
31/12/2024 00:00;REPORTE VICTIMAS ANUALIZADO POR HECHO, CIFRA MUNICIPAL « META-PUERTO GAITÁN » (SEXO, ETNIA, DISCAPACIDAD, CICLO_VITAL) personas: (Ocurrencia, Declaración y Eventos);48;COLOMBIA;50;Meta;50568;Puerto Gaitan;2024;5;Desplazamiento forzado;Mujer;Indigena (Acreditado RA);Ninguna;entre 18 y 28;4;6;4
31/12/2024 00:00;REPORTE VICTIMAS ANUALIZADO POR HECHO, CIFRA MUNICIPAL « META-PUERTO GAITÁN » (SEXO, ETNIA, DISCAPACIDAD, CICLO_VITAL) personas: (Ocurrencia, Declaración y Eventos);48;COLOMBIA;50;Meta;50568;Puerto Gaitan;2024;5;Desplazamiento forzado;Mujer;Indigena (Acreditado RA);Ninguna;entre 60 y 110;1;1;1
31/12/2024 00:00;REPORTE VICTIMAS ANUALIZADO POR HECHO, CIFRA MUNICIPAL « META-PUERTO GAITÁN » (SEXO, ETNIA, DISCAPACIDAD, CICLO_VITAL) personas: (Ocurrencia, Declaración y Eventos);48;COLOMBIA;50;Meta;50568;Puerto Gaitan;2024;5;Desplazamiento forzado;Mujer;Indigena (Acreditado RA);Ninguna;entre 29 y 59;6;7;6
31/12/2024 00:00;REPORTE VICTIMAS ANUALIZADO POR HECHO, CIFRA MUNICIPAL « META-PUERTO GAITÁN » (SEXO, ETNIA, DISCAPACIDAD, CICLO_VITAL) personas: (Ocurrencia, Declaración y Eventos);48;COLOMBIA;50;Meta;50568;Puerto Gaitan;2024;5;Desplazamiento forzado;Mujer;Negro(a) o Afrocolombiano(a);Ninguna;entre 12 y 17;1;0;1
31/12/2024 00:00;REPORTE VICTIMAS ANUALIZADO POR HECHO, CIFRA MUNICIPAL « META-PUERTO GAITÁN » (SEXO, ETNIA, DISCAPACIDAD, CICLO_VITAL) personas: (Ocurrencia, Declaración y Eventos);48;COLOMBIA;50;Meta;50568;Puerto Gaitan;2024;5;Desplazamiento forzado;Mujer;Negro(a) o Afrocolombiano(a);Ninguna;entre 29 y 59;1;0;1
31/12/2024 00:00;REPORTE VICTIMAS ANUALIZADO POR HECHO, CIFRA MUNICIPAL « META-PUERTO GAITÁN » (SEXO, ETNIA, DISCAPACIDAD, CICLO_VITAL) personas: (Ocurrencia, Declaración y Eventos);48;COLOMBIA;50;Meta;50568;Puerto Gaitan;2024;5;Desplazamiento forzado;Mujer;Ninguna;Fisica;entre 29 y 59;1;3;1
31/12/2024 00:00;REPORTE VICTIMAS ANUALIZADO POR HECHO, CIFRA MUNICIPAL « META-PUERTO GAITÁN » (SEXO, ETNIA, DISCAPACIDAD, CICLO_VITAL) personas: (Ocurrencia, Declaración y Eventos);48;COLOMBIA;50;Meta;50568;Puerto Gaitan;2024;5;Desplazamiento forzado;Mujer;Ninguna;Fisica;entre 60 y 110;0;1;0
31/12/2024 00:00;REPORTE VICTIMAS ANUALIZADO POR HECHO, CIFRA MUNICIPAL « META-PUERTO GAITÁN » (SEXO, ETNIA, DISCAPACIDAD, CICLO_VITAL) personas: (Ocurrencia, Declaración y Eventos);48;COLOMBIA;50;Meta;50568;Puerto Gaitan;2024;5;Desplazamiento forzado;Mujer;Ninguna;Multiple;entre 29 y 59;1;1;1
31/12/2024 00:00;REPORTE VICTIMAS ANUALIZADO POR HECHO, CIFRA MUNICIPAL « META-PUERTO GAITÁN » (SEXO, ETNIA, DISCAPACIDAD, CICLO_VITAL) personas: (Ocurrencia, Declaración y Eventos);48;COLOMBIA;50;Meta;50568;Puerto Gaitan;2024;5;Desplazamiento forzado;Mujer;Ninguna;Ninguna;entre 0 y 5;8;10;8
31/12/2024 00:00;REPORTE VICTIMAS ANUALIZADO POR HECHO, CIFRA MUNICIPAL « META-PUERTO GAITÁN » (SEXO, ETNIA, DISCAPACIDAD, CICLO_VITAL) personas: (Ocurrencia, Declaración y Eventos);48;COLOMBIA;50;Meta;50568;Puerto Gaitan;2024;5;Desplazamiento forzado;Mujer;Ninguna;Ninguna;entre 6 y 11;12;4;12
31/12/2024 00:00;REPORTE VICTIMAS ANUALIZADO POR HECHO, CIFRA MUNICIPAL « META-PUERTO GAITÁN » (SEXO, ETNIA, DISCAPACIDAD, CICLO_VITAL) personas: (Ocurrencia, Declaración y Eventos);48;COLOMBIA;50;Meta;50568;Puerto Gaitan;2024;5;Desplazamiento forzado;Mujer;Ninguna;Ninguna;entre 12 y 17;7;10;7
31/12/2024 00:00;REPORTE VICTIMAS ANUALIZADO POR HECHO, CIFRA MUNICIPAL « META-PUERTO GAITÁN » (SEXO, ETNIA, DISCAPACIDAD, CICLO_VITAL) personas: (Ocurrencia, Declaración y Eventos);48;COLOMBIA;50;Meta;50568;Puerto Gaitan;2024;5;Desplazamiento forzado;Mujer;Ninguna;Ninguna;entre 18 y 28;8;11;8
31/12/2024 00:00;REPORTE VICTIMAS ANUALIZADO POR HECHO, CIFRA MUNICIPAL « META-PUERTO GAITÁN » (SEXO, ETNIA, DISCAPACIDAD, CICLO_VITAL) personas: (Ocurrencia, Declaración y Eventos);48;COLOMBIA;50;Meta;50568;Puerto Gaitan;2024;5;Desplazamiento forzado;Mujer;Ninguna;Ninguna;entre 29 y 59;20;18;20
31/12/2024 00:00;REPORTE VICTIMAS ANUALIZADO POR HECHO, CIFRA MUNICIPAL « META-PUERTO GAITÁN » (SEXO, ETNIA, DISCAPACIDAD, CICLO_VITAL) personas: (Ocurrencia, Declaración y Eventos);48;COLOMBIA;50;Meta;50568;Puerto Gaitan;2024;5;Desplazamiento forzado;Mujer;Ninguna;Ninguna;entre 60 y 110;2;0;2
31/12/2024 00:00;REPORTE VICTIMAS ANUALIZADO POR HECHO, CIFRA MUNICIPAL « META-PUERTO GAITÁN » (SEXO, ETNIA, DISCAPACIDAD, CICLO_VITAL) personas: (Ocurrencia, Declaración y Eventos);48;COLOMBIA;50;Meta;50568;Puerto Gaitan;2024;5;Desplazamiento forzado;Mujer;Ninguna;Por Establecer;entre 29 y 59;1;0;1
31/12/2024 00:00;REPORTE VICTIMAS ANUALIZADO POR HECHO, CIFRA MUNICIPAL « META-PUERTO GAITÁN » (SEXO, ETNIA, DISCAPACIDAD, CICLO_VITAL) personas: (Ocurrencia, Declaración y Eventos);48;COLOMBIA;50;Meta;50568;Puerto Gaitan;2024;5;Desplazamiento forzado;Mujer;Ninguna;Visual;entre 29 y 59;0;0;0
31/12/2024 00:00;REPORTE VICTIMAS ANUALIZADO POR HECHO, CIFRA MUNICIPAL « META-PUERTO GAITÁN » (SEXO, ETNIA, DISCAPACIDAD, CICLO_VITAL) personas: (Ocurrencia, Declaración y Eventos);48;COLOMBIA;50;Meta;50568;Puerto Gaitan;2024;6;Homicidio;Hombre;Ninguna;Ninguna;entre 6 y 11;1;1;1
31/12/2024 00:00;REPORTE VICTIMAS ANUALIZADO POR HECHO, CIFRA MUNICIPAL « META-PUERTO GAITÁN » (SEXO, ETNIA, DISCAPACIDAD, CICLO_VITAL) personas: (Ocurrencia, Declaración y Eventos);48;COLOMBIA;50;Meta;50568;Puerto Gaitan;2024;6;Homicidio;Hombre;Ninguna;Ninguna;entre 18 y 28;1;1;1
31/12/2024 00:00;REPORTE VICTIMAS ANUALIZADO POR HECHO, CIFRA MUNICIPAL « META-PUERTO GAITÁN » (SEXO, ETNIA, DISCAPACIDAD, CICLO_VITAL) personas: (Ocurrencia, Declaración y Eventos);48;COLOMBIA;50;Meta;50568;Puerto Gaitan;2024;6;Homicidio;Hombre;Ninguna;Ninguna;entre 29 y 59;1;2;1
31/12/2024 00:00;REPORTE VICTIMAS ANUALIZADO POR HECHO, CIFRA MUNICIPAL « META-PUERTO GAITÁN » (SEXO, ETNIA, DISCAPACIDAD, CICLO_VITAL) personas: (Ocurrencia, Declaración y Eventos);48;COLOMBIA;50;Meta;50568;Puerto Gaitan;2024;6;Homicidio;Mujer;Ninguna;Ninguna;entre 0 y 5;1;1;1
31/12/2024 00:00;REPORTE VICTIMAS ANUALIZADO POR HECHO, CIFRA MUNICIPAL « META-PUERTO GAITÁN » (SEXO, ETNIA, DISCAPACIDAD, CICLO_VITAL) personas: (Ocurrencia, Declaración y Eventos);48;COLOMBIA;50;Meta;50568;Puerto Gaitan;2024;6;Homicidio;Mujer;Ninguna;Ninguna;entre 12 y 17;3;3;3
31/12/2024 00:00;REPORTE VICTIMAS ANUALIZADO POR HECHO, CIFRA MUNICIPAL « META-PUERTO GAITÁN » (SEXO, ETNIA, DISCAPACIDAD, CICLO_VITAL) personas: (Ocurrencia, Declaración y Eventos);48;COLOMBIA;50;Meta;50568;Puerto Gaitan;2024;6;Homicidio;Mujer;Ninguna;Ninguna;entre 29 y 59;2;3;2
31/12/2024 00:00;REPORTE VICTIMAS ANUALIZADO POR HECHO, CIFRA MUNICIPAL « META-PUERTO GAITÁN » (SEXO, ETNIA, DISCAPACIDAD, CICLO_VITAL) personas: (Ocurrencia, Declaración y Eventos);48;COLOMBIA;50;Meta;50568;Puerto Gaitan;2024;8;Secuestro;Hombre;Ninguna;Ninguna;entre 29 y 59;0;1;0
31/12/2024 00:00;REPORTE VICTIMAS ANUALIZADO POR HECHO, CIFRA MUNICIPAL « META-PUERTO GAITÁN » (SEXO, ETNIA, DISCAPACIDAD, CICLO_VITAL) personas: (Ocurrencia, Declaración y Eventos);48;COLOMBIA;50;Meta;50568;Puerto Gaitan;2024;12;Perdida de Bienes Muebles o Inmuebles;Hombre;Indigena;Ninguna;entre 12 y 17;1;1;1
31/12/2024 00:00;REPORTE VICTIMAS ANUALIZADO POR HECHO, CIFRA MUNICIPAL « META-PUERTO GAITÁN » (SEXO, ETNIA, DISCAPACIDAD, CICLO_VITAL) personas: (Ocurrencia, Declaración y Eventos);48;COLOMBIA;50;Meta;50568;Puerto Gaitan;2024;12;Perdida de Bienes Muebles o Inmuebles;Hombre;Indigena;Ninguna;entre 18 y 28;18;18;18
31/12/2024 00:00;REPORTE VICTIMAS ANUALIZADO POR HECHO, CIFRA MUNICIPAL « META-PUERTO GAITÁN » (SEXO, ETNIA, DISCAPACIDAD, CICLO_VITAL) personas: (Ocurrencia, Declaración y Eventos);48;COLOMBIA;50;Meta;50568;Puerto Gaitan;2024;12;Perdida de Bienes Muebles o Inmuebles;Hombre;Indigena;Ninguna;entre 29 y 59;12;13;12
31/12/2024 00:00;REPORTE VICTIMAS ANUALIZADO POR HECHO, CIFRA MUNICIPAL « META-PUERTO GAITÁN » (SEXO, ETNIA, DISCAPACIDAD, CICLO_VITAL) personas: (Ocurrencia, Declaración y Eventos);48;COLOMBIA;50;Meta;50568;Puerto Gaitan;2024;12;Perdida de Bienes Muebles o Inmuebles;Hombre;Indigena;Ninguna;entre 60 y 110;1;1;1
31/12/2024 00:00;REPORTE VICTIMAS ANUALIZADO POR HECHO, CIFRA MUNICIPAL « META-PUERTO GAITÁN » (SEXO, ETNIA, DISCAPACIDAD, CICLO_VITAL) personas: (Ocurrencia, Declaración y Eventos);48;COLOMBIA;50;Meta;50568;Puerto Gaitan;2024;12;Perdida de Bienes Muebles o Inmuebles;Hombre;Indigena (Acreditado RA);Ninguna;entre 18 y 28;1;1;1
31/12/2024 00:00;REPORTE VICTIMAS ANUALIZADO POR HECHO, CIFRA MUNICIPAL « META-PUERTO GAITÁN » (SEXO, ETNIA, DISCAPACIDAD, CICLO_VITAL) personas: (Ocurrencia, Declaración y Eventos);48;COLOMBIA;50;Meta;50568;Puerto Gaitan;2024;12;Perdida de Bienes Muebles o Inmuebles;Hombre;Indigena (Acreditado RA);Ninguna;entre 29 y 59;7;7;7
31/12/2024 00:00;REPORTE VICTIMAS ANUALIZADO POR HECHO, CIFRA MUNICIPAL « META-PUERTO GAITÁN » (SEXO, ETNIA, DISCAPACIDAD, CICLO_VITAL) personas: (Ocurrencia, Declaración y Eventos);48;COLOMBIA;50;Meta;50568;Puerto Gaitan;2024;12;Perdida de Bienes Muebles o Inmuebles;Hombre;Indigena (Acreditado RA);Ninguna;entre 60 y 110;3;3;3
31/12/2024 00:00;REPORTE VICTIMAS ANUALIZADO POR HECHO, CIFRA MUNICIPAL « META-PUERTO GAITÁN » (SEXO, ETNIA, DISCAPACIDAD, CICLO_VITAL) personas: (Ocurrencia, Declaración y Eventos);48;COLOMBIA;50;Meta;50568;Puerto Gaitan;2024;12;Perdida de Bienes Muebles o Inmuebles;Hombre;Ninguna;Ninguna;entre 18 y 28;0;2;0
31/12/2024 00:00;REPORTE VICTIMAS ANUALIZADO POR HECHO, CIFRA MUNICIPAL « META-PUERTO GAITÁN » (SEXO, ETNIA, DISCAPACIDAD, CICLO_VITAL) personas: (Ocurrencia, Declaración y Eventos);48;COLOMBIA;50;Meta;50568;Puerto Gaitan;2024;12;Perdida de Bienes Muebles o Inmuebles;Hombre;Ninguna;Ninguna;entre 60 y 110;1;2;1
31/12/2024 00:00;REPORTE VICTIMAS ANUALIZADO POR HECHO, CIFRA MUNICIPAL « META-PUERTO GAITÁN » (SEXO, ETNIA, DISCAPACIDAD, CICLO_VITAL) personas: (Ocurrencia, Declaración y Eventos);48;COLOMBIA;50;Meta;50568;Puerto Gaitan;2024;12;Perdida de Bienes Muebles o Inmuebles;Hombre;Ninguna;Ninguna;entre 29 y 59;6;6;6
31/12/2024 00:00;REPORTE VICTIMAS ANUALIZADO POR HECHO, CIFRA MUNICIPAL « META-PUERTO GAITÁN » (SEXO, ETNIA, DISCAPACIDAD, CICLO_VITAL) personas: (Ocurrencia, Declaración y Eventos);48;COLOMBIA;50;Meta;50568;Puerto Gaitan;2024;12;Perdida de Bienes Muebles o Inmuebles;Mujer;Indigena;Ninguna;entre 12 y 17;2;2;2
31/12/2024 00:00;REPORTE VICTIMAS ANUALIZADO POR HECHO, CIFRA MUNICIPAL « META-PUERTO GAITÁN » (SEXO, ETNIA, DISCAPACIDAD, CICLO_VITAL) personas: (Ocurrencia, Declaración y Eventos);48;COLOMBIA;50;Meta;50568;Puerto Gaitan;2024;12;Perdida de Bienes Muebles o Inmuebles;Mujer;Indigena;Ninguna;entre 18 y 28;11;11;11
31/12/2024 00:00;REPORTE VICTIMAS ANUALIZADO POR HECHO, CIFRA MUNICIPAL « META-PUERTO GAITÁN » (SEXO, ETNIA, DISCAPACIDAD, CICLO_VITAL) personas: (Ocurrencia, Declaración y Eventos);48;COLOMBIA;50;Meta;50568;Puerto Gaitan;2024;12;Perdida de Bienes Muebles o Inmuebles;Mujer;Indigena;Ninguna;entre 29 y 59;15;16;15
31/12/2024 00:00;REPORTE VICTIMAS ANUALIZADO POR HECHO, CIFRA MUNICIPAL « META-PUERTO GAITÁN » (SEXO, ETNIA, DISCAPACIDAD, CICLO_VITAL) personas: (Ocurrencia, Declaración y Eventos);48;COLOMBIA;50;Meta;50568;Puerto Gaitan;2024;12;Perdida de Bienes Muebles o Inmuebles;Mujer;Indigena;Ninguna;entre 60 y 110;2;2;2
31/12/2024 00:00;REPORTE VICTIMAS ANUALIZADO POR HECHO, CIFRA MUNICIPAL « META-PUERTO GAITÁN » (SEXO, ETNIA, DISCAPACIDAD, CICLO_VITAL) personas: (Ocurrencia, Declaración y Eventos);48;COLOMBIA;50;Meta;50568;Puerto Gaitan;2024;12;Perdida de Bienes Muebles o Inmuebles;Mujer;Indigena (Acreditado RA);Ninguna;entre 18 y 28;2;2;2
31/12/2024 00:00;REPORTE VICTIMAS ANUALIZADO POR HECHO, CIFRA MUNICIPAL « META-PUERTO GAITÁN » (SEXO, ETNIA, DISCAPACIDAD, CICLO_VITAL) personas: (Ocurrencia, Declaración y Eventos);48;COLOMBIA;50;Meta;50568;Puerto Gaitan;2024;12;Perdida de Bienes Muebles o Inmuebles;Mujer;Indigena (Acreditado RA);Ninguna;entre 29 y 59;2;3;2
31/12/2024 00:00;REPORTE VICTIMAS ANUALIZADO POR HECHO, CIFRA MUNICIPAL « META-PUERTO GAITÁN » (SEXO, ETNIA, DISCAPACIDAD, CICLO_VITAL) personas: (Ocurrencia, Declaración y Eventos);48;COLOMBIA;50;Meta;50568;Puerto Gaitan;2024;12;Perdida de Bienes Muebles o Inmuebles;Mujer;Ninguna;Fisica;entre 29 y 59;0;1;0
31/12/2024 00:00;REPORTE VICTIMAS ANUALIZADO POR HECHO, CIFRA MUNICIPAL « META-PUERTO GAITÁN » (SEXO, ETNIA, DISCAPACIDAD, CICLO_VITAL) personas: (Ocurrencia, Declaración y Eventos);48;COLOMBIA;50;Meta;50568;Puerto Gaitan;2024;12;Perdida de Bienes Muebles o Inmuebles;Mujer;Ninguna;Fisica;entre 60 y 110;0;1;0
31/12/2024 00:00;REPORTE VICTIMAS ANUALIZADO POR HECHO, CIFRA MUNICIPAL « META-PUERTO GAITÁN » (SEXO, ETNIA, DISCAPACIDAD, CICLO_VITAL) personas: (Ocurrencia, Declaración y Eventos);48;COLOMBIA;50;Meta;50568;Puerto Gaitan;2024;12;Perdida de Bienes Muebles o Inmuebles;Mujer;Ninguna;Ninguna;entre 18 y 28;1;0;1
31/12/2024 00:00;REPORTE VICTIMAS ANUALIZADO POR HECHO, CIFRA MUNICIPAL « META-PUERTO GAITÁN » (SEXO, ETNIA, DISCAPACIDAD, CICLO_VITAL) personas: (Ocurrencia, Declaración y Eventos);48;COLOMBIA;50;Meta;50568;Puerto Gaitan;2024;12;Perdida de Bienes Muebles o Inmuebles;Mujer;Ninguna;Ninguna;entre 60 y 110;1;0;1
31/12/2024 00:00;REPORTE VICTIMAS ANUALIZADO POR HECHO, CIFRA MUNICIPAL « META-PUERTO GAITÁN » (SEXO, ETNIA, DISCAPACIDAD, CICLO_VITAL) personas: (Ocurrencia, Declaración y Eventos);48;COLOMBIA;50;Meta;50568;Puerto Gaitan;2024;12;Perdida de Bienes Muebles o Inmuebles;Mujer;Ninguna;Ninguna;entre 29 y 59;0;3;0
31/12/2024 00:00;REPORTE VICTIMAS ANUALIZADO POR HECHO, CIFRA MUNICIPAL « META-PUERTO GAITÁN » (SEXO, ETNIA, DISCAPACIDAD, CICLO_VITAL) personas: (Ocurrencia, Declaración y Eventos);48;COLOMBIA;50;Meta;50568;Puerto Gaitan;2024;15;Confinamiento;Mujer;Ninguna;Ninguna;entre 18 y 28;0;0;0
31/12/2024 00:00;REPORTE VICTIMAS ANUALIZADO POR HECHO, CIFRA MUNICIPAL « META-MAPIRIPÁN » (SEXO, ETNIA, DISCAPACIDAD, CICLO_VITAL) personas: (Ocurrencia, Declaración y Eventos);48;COLOMBIA;50;Meta;50325;Mapiripan;2024;2;Amenaza;Hombre;Indigena;Ninguna;entre 12 y 17;0;1;0
31/12/2024 00:00;REPORTE VICTIMAS ANUALIZADO POR HECHO, CIFRA MUNICIPAL « META-MAPIRIPÁN » (SEXO, ETNIA, DISCAPACIDAD, CICLO_VITAL) personas: (Ocurrencia, Declaración y Eventos);48;COLOMBIA;50;Meta;50325;Mapiripan;2024;2;Amenaza;Hombre;Indigena (Acreditado RA);Ninguna;entre 29 y 59;1;1;1
31/12/2024 00:00;REPORTE VICTIMAS ANUALIZADO POR HECHO, CIFRA MUNICIPAL « META-MAPIRIPÁN » (SEXO, ETNIA, DISCAPACIDAD, CICLO_VITAL) personas: (Ocurrencia, Declaración y Eventos);48;COLOMBIA;50;Meta;50325;Mapiripan;2024;2;Amenaza;Hombre;Negro(a) o Afrocolombiano(a);Fisica;entre 29 y 59;1;0;1
31/12/2024 00:00;REPORTE VICTIMAS ANUALIZADO POR HECHO, CIFRA MUNICIPAL « META-MAPIRIPÁN » (SEXO, ETNIA, DISCAPACIDAD, CICLO_VITAL) personas: (Ocurrencia, Declaración y Eventos);48;COLOMBIA;50;Meta;50325;Mapiripan;2024;2;Amenaza;Hombre;Ninguna;Auditiva;entre 18 y 28;1;0;1
31/12/2024 00:00;REPORTE VICTIMAS ANUALIZADO POR HECHO, CIFRA MUNICIPAL « META-MAPIRIPÁN » (SEXO, ETNIA, DISCAPACIDAD, CICLO_VITAL) personas: (Ocurrencia, Declaración y Eventos);48;COLOMBIA;50;Meta;50325;Mapiripan;2024;2;Amenaza;Hombre;Ninguna;Fisica;entre 29 y 59;1;1;1
31/12/2024 00:00;REPORTE VICTIMAS ANUALIZADO POR HECHO, CIFRA MUNICIPAL « META-MAPIRIPÁN » (SEXO, ETNIA, DISCAPACIDAD, CICLO_VITAL) personas: (Ocurrencia, Declaración y Eventos);48;COLOMBIA;50;Meta;50325;Mapiripan;2024;2;Amenaza;Hombre;Ninguna;Multiple;entre 29 y 59;1;1;1
31/12/2024 00:00;REPORTE VICTIMAS ANUALIZADO POR HECHO, CIFRA MUNICIPAL « META-MAPIRIPÁN » (SEXO, ETNIA, DISCAPACIDAD, CICLO_VITAL) personas: (Ocurrencia, Declaración y Eventos);48;COLOMBIA;50;Meta;50325;Mapiripan;2024;2;Amenaza;Hombre;Ninguna;Ninguna;entre 18 y 28;3;1;3
31/12/2024 00:00;REPORTE VICTIMAS ANUALIZADO POR HECHO, CIFRA MUNICIPAL « META-MAPIRIPÁN » (SEXO, ETNIA, DISCAPACIDAD, CICLO_VITAL) personas: (Ocurrencia, Declaración y Eventos);48;COLOMBIA;50;Meta;50325;Mapiripan;2024;2;Amenaza;Hombre;Ninguna;Ninguna;entre 29 y 59;3;0;3
31/12/2024 00:00;REPORTE VICTIMAS ANUALIZADO POR HECHO, CIFRA MUNICIPAL « META-MAPIRIPÁN » (SEXO, ETNIA, DISCAPACIDAD, CICLO_VITAL) personas: (Ocurrencia, Declaración y Eventos);48;COLOMBIA;50;Meta;50325;Mapiripan;2024;2;Amenaza;Mujer;Indigena;Ninguna;entre 29 y 59;0;1;0
31/12/2024 00:00;REPORTE VICTIMAS ANUALIZADO POR HECHO, CIFRA MUNICIPAL « META-MAPIRIPÁN » (SEXO, ETNIA, DISCAPACIDAD, CICLO_VITAL) personas: (Ocurrencia, Declaración y Eventos);48;COLOMBIA;50;Meta;50325;Mapiripan;2024;2;Amenaza;Mujer;Ninguna;Fisica;entre 29 y 59;1;0;1
31/12/2024 00:00;REPORTE VICTIMAS ANUALIZADO POR HECHO, CIFRA MUNICIPAL « META-MAPIRIPÁN » (SEXO, ETNIA, DISCAPACIDAD, CICLO_VITAL) personas: (Ocurrencia, Declaración y Eventos);48;COLOMBIA;50;Meta;50325;Mapiripan;2024;2;Amenaza;Mujer;Ninguna;Ninguna;entre 12 y 17;1;0;1
31/12/2024 00:00;REPORTE VICTIMAS ANUALIZADO POR HECHO, CIFRA MUNICIPAL « META-MAPIRIPÁN » (SEXO, ETNIA, DISCAPACIDAD, CICLO_VITAL) personas: (Ocurrencia, Declaración y Eventos);48;COLOMBIA;50;Meta;50325;Mapiripan;2024;2;Amenaza;Mujer;Ninguna;Ninguna;entre 18 y 28;1;0;2
31/12/2024 00:00;REPORTE VICTIMAS ANUALIZADO POR HECHO, CIFRA MUNICIPAL « META-MAPIRIPÁN » (SEXO, ETNIA, DISCAPACIDAD, CICLO_VITAL) personas: (Ocurrencia, Declaración y Eventos);48;COLOMBIA;50;Meta;50325;Mapiripan;2024;2;Amenaza;Mujer;Ninguna;Ninguna;entre 29 y 59;3;1;3
31/12/2024 00:00;REPORTE VICTIMAS ANUALIZADO POR HECHO, CIFRA MUNICIPAL « META-MAPIRIPÁN » (SEXO, ETNIA, DISCAPACIDAD, CICLO_VITAL) personas: (Ocurrencia, Declaración y Eventos);48;COLOMBIA;50;Meta;50325;Mapiripan;2024;3;Delitos contra la libertad y la integridad sexual en desarrollo del conflicto armado;LGBTI;Negro(a) o Afrocolombiano(a);Visual;entre 29 y 59;1;0;1
31/12/2024 00:00;REPORTE VICTIMAS ANUALIZADO POR HECHO, CIFRA MUNICIPAL « META-MAPIRIPÁN » (SEXO, ETNIA, DISCAPACIDAD, CICLO_VITAL) personas: (Ocurrencia, Declaración y Eventos);48;COLOMBIA;50;Meta;50325;Mapiripan;2024;5;Desplazamiento forzado;Hombre;Indigena;Ninguna;entre 0 y 5;3;1;3
31/12/2024 00:00;REPORTE VICTIMAS ANUALIZADO POR HECHO, CIFRA MUNICIPAL « META-MAPIRIPÁN » (SEXO, ETNIA, DISCAPACIDAD, CICLO_VITAL) personas: (Ocurrencia, Declaración y Eventos);48;COLOMBIA;50;Meta;50325;Mapiripan;2024;5;Desplazamiento forzado;Hombre;Indigena;Ninguna;entre 12 y 17;0;1;0
31/12/2024 00:00;REPORTE VICTIMAS ANUALIZADO POR HECHO, CIFRA MUNICIPAL « META-MAPIRIPÁN » (SEXO, ETNIA, DISCAPACIDAD, CICLO_VITAL) personas: (Ocurrencia, Declaración y Eventos);48;COLOMBIA;50;Meta;50325;Mapiripan;2024;5;Desplazamiento forzado;Hombre;Indigena;Ninguna;ND;1;0;1
31/12/2024 00:00;REPORTE VICTIMAS ANUALIZADO POR HECHO, CIFRA MUNICIPAL « META-MAPIRIPÁN » (SEXO, ETNIA, DISCAPACIDAD, CICLO_VITAL) personas: (Ocurrencia, Declaración y Eventos);48;COLOMBIA;50;Meta;50325;Mapiripan;2024;5;Desplazamiento forzado;Hombre;Indigena (Acreditado RA);Ninguna;entre 12 y 17;2;1;2
31/12/2024 00:00;REPORTE VICTIMAS ANUALIZADO POR HECHO, CIFRA MUNICIPAL « META-MAPIRIPÁN » (SEXO, ETNIA, DISCAPACIDAD, CICLO_VITAL) personas: (Ocurrencia, Declaración y Eventos);48;COLOMBIA;50;Meta;50325;Mapiripan;2024;5;Desplazamiento forzado;Hombre;Negro(a) o Afrocolombiano(a);Fisica;entre 29 y 59;1;0;1
31/12/2024 00:00;REPORTE VICTIMAS ANUALIZADO POR HECHO, CIFRA MUNICIPAL « META-MAPIRIPÁN » (SEXO, ETNIA, DISCAPACIDAD, CICLO_VITAL) personas: (Ocurrencia, Declaración y Eventos);48;COLOMBIA;50;Meta;50325;Mapiripan;2024;5;Desplazamiento forzado;Hombre;Ninguna;Auditiva;entre 18 y 28;1;0;1
31/12/2024 00:00;REPORTE VICTIMAS ANUALIZADO POR HECHO, CIFRA MUNICIPAL « META-MAPIRIPÁN » (SEXO, ETNIA, DISCAPACIDAD, CICLO_VITAL) personas: (Ocurrencia, Declaración y Eventos);48;COLOMBIA;50;Meta;50325;Mapiripan;2024;5;Desplazamiento forzado;Hombre;Ninguna;Fisica;entre 29 y 59;1;0;1
31/12/2024 00:00;REPORTE VICTIMAS ANUALIZADO POR HECHO, CIFRA MUNICIPAL « META-MAPIRIPÁN » (SEXO, ETNIA, DISCAPACIDAD, CICLO_VITAL) personas: (Ocurrencia, Declaración y Eventos);48;COLOMBIA;50;Meta;50325;Mapiripan;2024;5;Desplazamiento forzado;Hombre;Ninguna;Multiple;entre 29 y 59;1;0;1
31/12/2024 00:00;REPORTE VICTIMAS ANUALIZADO POR HECHO, CIFRA MUNICIPAL « META-MAPIRIPÁN » (SEXO, ETNIA, DISCAPACIDAD, CICLO_VITAL) personas: (Ocurrencia, Declaración y Eventos);48;COLOMBIA;50;Meta;50325;Mapiripan;2024;5;Desplazamiento forzado;Hombre;Ninguna;Multiple;entre 60 y 110;1;0;1
31/12/2024 00:00;REPORTE VICTIMAS ANUALIZADO POR HECHO, CIFRA MUNICIPAL « META-MAPIRIPÁN » (SEXO, ETNIA, DISCAPACIDAD, CICLO_VITAL) personas: (Ocurrencia, Declaración y Eventos);48;COLOMBIA;50;Meta;50325;Mapiripan;2024;5;Desplazamiento forzado;Hombre;Ninguna;Ninguna;entre 0 y 5;2;0;2
31/12/2024 00:00;REPORTE VICTIMAS ANUALIZADO POR HECHO, CIFRA MUNICIPAL « META-MAPIRIPÁN » (SEXO, ETNIA, DISCAPACIDAD, CICLO_VITAL) personas: (Ocurrencia, Declaración y Eventos);48;COLOMBIA;50;Meta;50325;Mapiripan;2024;5;Desplazamiento forzado;Hombre;Ninguna;Ninguna;entre 6 y 11;3;0;3
31/12/2024 00:00;REPORTE VICTIMAS ANUALIZADO POR HECHO, CIFRA MUNICIPAL « META-MAPIRIPÁN » (SEXO, ETNIA, DISCAPACIDAD, CICLO_VITAL) personas: (Ocurrencia, Declaración y Eventos);48;COLOMBIA;50;Meta;50325;Mapiripan;2024;5;Desplazamiento forzado;Hombre;Ninguna;Ninguna;entre 12 y 17;4;0;4
31/12/2024 00:00;REPORTE VICTIMAS ANUALIZADO POR HECHO, CIFRA MUNICIPAL « META-MAPIRIPÁN » (SEXO, ETNIA, DISCAPACIDAD, CICLO_VITAL) personas: (Ocurrencia, Declaración y Eventos);48;COLOMBIA;50;Meta;50325;Mapiripan;2024;5;Desplazamiento forzado;Hombre;Ninguna;Ninguna;entre 18 y 28;6;1;6
31/12/2024 00:00;REPORTE VICTIMAS ANUALIZADO POR HECHO, CIFRA MUNICIPAL « META-MAPIRIPÁN » (SEXO, ETNIA, DISCAPACIDAD, CICLO_VITAL) personas: (Ocurrencia, Declaración y Eventos);48;COLOMBIA;50;Meta;50325;Mapiripan;2024;5;Desplazamiento forzado;Hombre;Ninguna;Ninguna;entre 29 y 59;10;0;10
31/12/2024 00:00;REPORTE VICTIMAS ANUALIZADO POR HECHO, CIFRA MUNICIPAL « META-MAPIRIPÁN » (SEXO, ETNIA, DISCAPACIDAD, CICLO_VITAL) personas: (Ocurrencia, Declaración y Eventos);48;COLOMBIA;50;Meta;50325;Mapiripan;2024;5;Desplazamiento forzado;Hombre;Ninguna;Ninguna;entre 60 y 110;3;0;3
31/12/2024 00:00;REPORTE VICTIMAS ANUALIZADO POR HECHO, CIFRA MUNICIPAL « META-MAPIRIPÁN » (SEXO, ETNIA, DISCAPACIDAD, CICLO_VITAL) personas: (Ocurrencia, Declaración y Eventos);48;COLOMBIA;50;Meta;50325;Mapiripan;2024;5;Desplazamiento forzado;LGBTI;Negro(a) o Afrocolombiano(a);Visual;entre 29 y 59;1;0;1
31/12/2024 00:00;REPORTE VICTIMAS ANUALIZADO POR HECHO, CIFRA MUNICIPAL « META-MAPIRIPÁN » (SEXO, ETNIA, DISCAPACIDAD, CICLO_VITAL) personas: (Ocurrencia, Declaración y Eventos);48;COLOMBIA;50;Meta;50325;Mapiripan;2024;5;Desplazamiento forzado;Mujer;Indigena;Ninguna;entre 6 y 11;2;2;2
31/12/2024 00:00;REPORTE VICTIMAS ANUALIZADO POR HECHO, CIFRA MUNICIPAL « META-MAPIRIPÁN » (SEXO, ETNIA, DISCAPACIDAD, CICLO_VITAL) personas: (Ocurrencia, Declaración y Eventos);48;COLOMBIA;50;Meta;50325;Mapiripan;2024;5;Desplazamiento forzado;Mujer;Indigena;Ninguna;entre 29 y 59;2;1;2
31/12/2024 00:00;REPORTE VICTIMAS ANUALIZADO POR HECHO, CIFRA MUNICIPAL « META-MAPIRIPÁN » (SEXO, ETNIA, DISCAPACIDAD, CICLO_VITAL) personas: (Ocurrencia, Declaración y Eventos);48;COLOMBIA;50;Meta;50325;Mapiripan;2024;5;Desplazamiento forzado;Mujer;Indigena (Acreditado RA);Ninguna;entre 12 y 17;2;1;2
31/12/2024 00:00;REPORTE VICTIMAS ANUALIZADO POR HECHO, CIFRA MUNICIPAL « META-MAPIRIPÁN » (SEXO, ETNIA, DISCAPACIDAD, CICLO_VITAL) personas: (Ocurrencia, Declaración y Eventos);48;COLOMBIA;50;Meta;50325;Mapiripan;2024;5;Desplazamiento forzado;Mujer;Indigena (Acreditado RA);Ninguna;entre 29 y 59;2;1;2
31/12/2024 00:00;REPORTE VICTIMAS ANUALIZADO POR HECHO, CIFRA MUNICIPAL « META-MAPIRIPÁN » (SEXO, ETNIA, DISCAPACIDAD, CICLO_VITAL) personas: (Ocurrencia, Declaración y Eventos);48;COLOMBIA;50;Meta;50325;Mapiripan;2024;5;Desplazamiento forzado;Mujer;Indigena (Acreditado RA);Visual;entre 60 y 110;1;1;1
31/12/2024 00:00;REPORTE VICTIMAS ANUALIZADO POR HECHO, CIFRA MUNICIPAL « META-MAPIRIPÁN » (SEXO, ETNIA, DISCAPACIDAD, CICLO_VITAL) personas: (Ocurrencia, Declaración y Eventos);48;COLOMBIA;50;Meta;50325;Mapiripan;2024;5;Desplazamiento forzado;Mujer;Ninguna;Fisica;entre 29 y 59;1;0;1
31/12/2024 00:00;REPORTE VICTIMAS ANUALIZADO POR HECHO, CIFRA MUNICIPAL « META-MAPIRIPÁN » (SEXO, ETNIA, DISCAPACIDAD, CICLO_VITAL) personas: (Ocurrencia, Declaración y Eventos);48;COLOMBIA;50;Meta;50325;Mapiripan;2024;5;Desplazamiento forzado;Mujer;Ninguna;Ninguna;entre 0 y 5;1;0;1
31/12/2024 00:00;REPORTE VICTIMAS ANUALIZADO POR HECHO, CIFRA MUNICIPAL « META-MAPIRIPÁN » (SEXO, ETNIA, DISCAPACIDAD, CICLO_VITAL) personas: (Ocurrencia, Declaración y Eventos);48;COLOMBIA;50;Meta;50325;Mapiripan;2024;5;Desplazamiento forzado;Mujer;Ninguna;Ninguna;entre 6 y 11;5;2;5
31/12/2024 00:00;REPORTE VICTIMAS ANUALIZADO POR HECHO, CIFRA MUNICIPAL « META-MAPIRIPÁN » (SEXO, ETNIA, DISCAPACIDAD, CICLO_VITAL) personas: (Ocurrencia, Declaración y Eventos);48;COLOMBIA;50;Meta;50325;Mapiripan;2024;5;Desplazamiento forzado;Mujer;Ninguna;Ninguna;entre 12 y 17;4;0;4
31/12/2024 00:00;REPORTE VICTIMAS ANUALIZADO POR HECHO, CIFRA MUNICIPAL « META-MAPIRIPÁN » (SEXO, ETNIA, DISCAPACIDAD, CICLO_VITAL) personas: (Ocurrencia, Declaración y Eventos);48;COLOMBIA;50;Meta;50325;Mapiripan;2024;5;Desplazamiento forzado;Mujer;Ninguna;Ninguna;entre 18 y 28;9;0;9
31/12/2024 00:00;REPORTE VICTIMAS ANUALIZADO POR HECHO, CIFRA MUNICIPAL « META-MAPIRIPÁN » (SEXO, ETNIA, DISCAPACIDAD, CICLO_VITAL) personas: (Ocurrencia, Declaración y Eventos);48;COLOMBIA;50;Meta;50325;Mapiripan;2024;5;Desplazamiento forzado;Mujer;Ninguna;Ninguna;entre 29 y 59;12;1;12
31/12/2024 00:00;REPORTE VICTIMAS ANUALIZADO POR HECHO, CIFRA MUNICIPAL « META-MAPIRIPÁN » (SEXO, ETNIA, DISCAPACIDAD, CICLO_VITAL) personas: (Ocurrencia, Declaración y Eventos);48;COLOMBIA;50;Meta;50325;Mapiripan;2024;5;Desplazamiento forzado;Mujer;Ninguna;Ninguna;entre 60 y 110;2;0;2
31/12/2024 00:00;REPORTE VICTIMAS ANUALIZADO POR HECHO, CIFRA MUNICIPAL « META-MAPIRIPÁN » (SEXO, ETNIA, DISCAPACIDAD, CICLO_VITAL) personas: (Ocurrencia, Declaración y Eventos);48;COLOMBIA;50;Meta;50325;Mapiripan;2024;6;Homicidio;Hombre;Ninguna;Ninguna;entre 18 y 28;1;0;1
31/12/2024 00:00;REPORTE VICTIMAS ANUALIZADO POR HECHO, CIFRA MUNICIPAL « META-MAPIRIPÁN » (SEXO, ETNIA, DISCAPACIDAD, CICLO_VITAL) personas: (Ocurrencia, Declaración y Eventos);48;COLOMBIA;50;Meta;50325;Mapiripan;2024;6;Homicidio;Hombre;Ninguna;Ninguna;entre 29 y 59;4;0;4
31/12/2024 00:00;REPORTE VICTIMAS ANUALIZADO POR HECHO, CIFRA MUNICIPAL « META-MAPIRIPÁN » (SEXO, ETNIA, DISCAPACIDAD, CICLO_VITAL) personas: (Ocurrencia, Declaración y Eventos);48;COLOMBIA;50;Meta;50325;Mapiripan;2024;6;Homicidio;Mujer;Ninguna;Ninguna;entre 12 y 17;1;0;1
31/12/2024 00:00;REPORTE VICTIMAS ANUALIZADO POR HECHO, CIFRA MUNICIPAL « META-MAPIRIPÁN » (SEXO, ETNIA, DISCAPACIDAD, CICLO_VITAL) personas: (Ocurrencia, Declaración y Eventos);48;COLOMBIA;50;Meta;50325;Mapiripan;2024;6;Homicidio;Mujer;Ninguna;Ninguna;entre 18 y 28;1;0;1
31/12/2024 00:00;REPORTE VICTIMAS ANUALIZADO POR HECHO, CIFRA MUNICIPAL « META-MAPIRIPÁN » (SEXO, ETNIA, DISCAPACIDAD, CICLO_VITAL) personas: (Ocurrencia, Declaración y Eventos);48;COLOMBIA;50;Meta;50325;Mapiripan;2024;6;Homicidio;Mujer;Ninguna;Ninguna;entre 29 y 59;2;0;2
31/12/2024 00:00;REPORTE VICTIMAS ANUALIZADO POR HECHO, CIFRA MUNICIPAL « META-MAPIRIPÁN » (SEXO, ETNIA, DISCAPACIDAD, CICLO_VITAL) personas: (Ocurrencia, Declaración y Eventos);48;COLOMBIA;50;Meta;50325;Mapiripan;2024;8;Secuestro;Hombre;Ninguna;Ninguna;entre 29 y 59;1;0;1
31/12/2024 00:00;REPORTE VICTIMAS ANUALIZADO POR HECHO, CIFRA MUNICIPAL « META-MAPIRIPÁN » (SEXO, ETNIA, DISCAPACIDAD, CICLO_VITAL) personas: (Ocurrencia, Declaración y Eventos);48;COLOMBIA;50;Meta;50325;Mapiripan;2024;12;Perdida de Bienes Muebles o Inmuebles;Hombre;Ninguna;Fisica;entre 29 y 59;1;1;1
31/12/2024 00:00;REPORTE VICTIMAS ANUALIZADO POR HECHO, CIFRA MUNICIPAL « META-MAPIRIPÁN » (SEXO, ETNIA, DISCAPACIDAD, CICLO_VITAL) personas: (Ocurrencia, Declaración y Eventos);48;COLOMBIA;50;Meta;50325;Mapiripan;2024;12;Perdida de Bienes Muebles o Inmuebles;Hombre;Ninguna;Ninguna;entre 18 y 28;2;0;2
31/12/2024 00:00;REPORTE VICTIMAS ANUALIZADO POR HECHO, CIFRA MUNICIPAL « META-MAPIRIPÁN » (SEXO, ETNIA, DISCAPACIDAD, CICLO_VITAL) personas: (Ocurrencia, Declaración y Eventos);48;COLOMBIA;50;Meta;50325;Mapiripan;2024;12;Perdida de Bienes Muebles o Inmuebles;Hombre;Ninguna;Ninguna;entre 29 y 59;1;0;1
31/12/2024 00:00;REPORTE VICTIMAS ANUALIZADO POR HECHO, CIFRA MUNICIPAL « META-MAPIRIPÁN » (SEXO, ETNIA, DISCAPACIDAD, CICLO_VITAL) personas: (Ocurrencia, Declaración y Eventos);48;COLOMBIA;50;Meta;50325;Mapiripan;2024;12;Perdida de Bienes Muebles o Inmuebles;Mujer;Ninguna;Ninguna;entre 29 y 59;3;1;3
